experiment,label,seed,snapshot,returns,rate
control,Control 65536,0,0,3.46875,199129.12865586256
control,Control 65536,0,1,4.390625,433509.7742862634
control,Control 65536,0,2,3.7890625,1071570.169847816
control,Control 65536,0,3,4.5390625,1081709.5018207354
control,Control 65536,0,4,3.9296875,367599.7063341696
control,Control 65536,0,5,3.5625,349073.8133653451
control,Control 65536,0,6,3.25,346621.78002837056
control,Control 65536,0,7,3.328125,344582.9019786031
control,Control 65536,0,8,3.5,341587.0372200111
control,Control 65536,0,9,3.515625,344165.6829619198
control,Control 65536,0,10,3.5078125,344444.777248756
control,Control 65536,0,11,3.2109375,344010.2062478036
control,Control 65536,0,12,2.59375,341594.2493820549
control,Control 65536,0,13,1.7109375,343949.5140332245
control,Control 65536,0,14,1.5859375,345004.7434170722
control,Control 65536,0,15,0.9765625,344079.84986488166
control,Control 65536,0,16,2.8125,342104.523355684
control,Control 65536,0,17,3.640625,345213.9576420906
control,Control 65536,0,18,4.1484375,346047.822712912
control,Control 65536,0,19,4.078125,345544.02408072
control,Control 65536,0,20,3.15625,341753.1045076966
control,Control 65536,0,21,3.734375,344436.7691977997
control,Control 65536,0,22,5.34375,343149.17937935365
control,Control 65536,0,23,5.53125,343635.4017826762
control,Control 65536,0,24,8.234375,341800.6173034791
control,Control 65536,0,25,7.4453125,344201.2805241636
control,Control 65536,0,26,9.1953125,344443.90969911113
control,Control 65536,0,27,10.1953125,343815.8563086535
control,Control 65536,0,28,7.34375,341785.42363693286
control,Control 65536,0,29,6.265625,344475.31519067154
control,Control 65536,0,30,9.1953125,344626.22564464615
control,Control 65536,0,31,12.328125,344122.8903045552
control,Control 65536,0,32,15.3984375,341766.61001231906
control,Control 65536,0,33,15.9609375,344474.1729311763
control,Control 65536,0,34,16.046875,344322.6563151959
control,Control 65536,0,35,15.75,344029.95576540584
control,Control 65536,0,36,15.6484375,341578.643648677
control,Control 65536,0,37,16.1484375,344853.3758845761
control,Control 65536,0,38,16.859375,344512.59430599614
control,Control 65536,0,39,16.9609375,344220.2829829846
control,Control 65536,0,40,16.9921875,341946.560575711
control,Control 65536,0,41,17.3828125,345602.9513026973
control,Control 65536,0,42,18.3984375,346401.0158075425
control,Control 65536,0,43,18.5078125,345533.726174952
control,Control 65536,0,44,18.6875,341685.2600038034
control,Control 65536,0,45,19.375,344564.96690050233
control,Control 65536,0,46,20.5234375,344428.23499522015
control,Control 65536,0,47,20.9140625,344303.19145034556
control,Control 65536,0,48,21.90625,341854.5051471358
control,Control 65536,0,49,22.203125,344218.3863497216
control,Control 65536,0,50,22.8984375,344776.8290104778
control,Control 65536,0,51,22.46875,344254.5277053915
control,Control 65536,0,52,22.2109375,341634.78833285545
control,Control 65536,0,53,22.03125,344674.00568077445
control,Control 65536,0,54,22.09375,344782.56426313403
control,Control 65536,0,55,22.9921875,343852.18674668396
control,Control 65536,0,56,22.625,341664.4146914003
control,Control 65536,0,57,23.265625,344868.6730695362
control,Control 65536,0,58,24.2890625,344363.5564348942
control,Control 65536,0,59,22.953125,344299.22818843334
control,Control 65536,0,60,23.328125,341865.7754103647
control,Control 65536,0,61,24.109375,344863.351177421
control,Control 65536,0,62,23.4921875,344740.487114944
control,Control 65536,0,63,24.7734375,343898.4900211616
control,Control 65536,0,64,23.5625,326691.2844876037
control,Control 65536,0,65,24.3828125,345380.88046650134
control,Control 65536,0,66,24.6015625,346137.49203168123
control,Control 65536,0,67,23.84375,345314.0329726962
control,Control 65536,0,68,25.2890625,341590.5154901592
control,Control 65536,0,69,24.6328125,344854.564790125
control,Control 65536,0,70,24.8828125,344538.3005518922
control,Control 65536,0,71,25.1875,343762.980323474
control,Control 65536,0,72,27.4609375,341851.67196712416
control,Control 65536,0,73,26.5546875,344144.14785707014
control,Control 65536,0,74,26.2109375,344686.22073812963
control,Control 65536,0,75,25.5,344012.61722937436
control,Control 65536,0,76,23.84375,342270.0399289531
control,Control 65536,0,77,24.1875,344365.40893785126
control,Control 65536,0,78,25.0859375,344515.86642504786
control,Control 65536,0,79,27.3046875,344513.46997388714
control,Control 65536,0,80,28.484375,341762.9377895283
control,Control 65536,0,81,27.140625,344457.753895938
control,Control 65536,0,82,27.7890625,344928.7378978946
control,Control 65536,0,83,29.25,343884.3801268334
control,Control 65536,0,84,28.2421875,341561.95196537237
control,Control 65536,0,85,31.3984375,344343.78326460434
control,Control 65536,0,86,32.0859375,344562.81509301614
control,Control 65536,0,87,28.6484375,344358.30102613266
control,Control 65536,0,88,28.734375,341924.967969977
control,Control 65536,0,89,32.4609375,344878.3368340399
control,Control 65536,0,90,32.265625,345959.1560238967
control,Control 65536,0,91,33.1171875,345279.32125768496
control,Control 65536,0,92,32.9296875,342095.57725394366
control,Control 65536,0,93,33.109375,344670.7685893409
control,Control 65536,0,94,32.3515625,344967.0823799312
control,Control 65536,0,95,32.40625,344092.5405879883
control,Control 65536,0,96,31.3125,341477.42778131587
control,Control 65536,0,97,32.2578125,344648.4433902484
control,Control 65536,0,98,31.4765625,344473.6540387756
control,Control 65536,0,99,34.421875,343689.9651643662
control,Control 65536,0,100,35.6953125,342168.62607580103
control,Control 65536,0,101,33.765625,338307.93322365923
control,Control 65536,0,102,33.078125,344893.5540123504
control,Control 65536,0,103,36.4375,343874.0767977842
control,Control 65536,0,104,33.125,342228.95468196017
control,Control 65536,0,105,34.25,344609.88024610165
control,Control 65536,0,106,33.46875,344287.6632303938
control,Control 65536,0,107,30.7109375,343918.5890256099
control,Control 65536,0,108,33.34375,341685.73400283034
control,Control 65536,0,109,33.6953125,344360.73242006474
control,Control 65536,0,110,34.0859375,344465.3562896546
control,Control 65536,0,111,35.8671875,343468.6782382189
control,Control 65536,0,112,38.8515625,341344.82443604677
control,Control 65536,0,113,35.5625,345956.76296414435
control,Control 65536,0,114,32.9453125,345929.3487687459
control,Control 65536,0,115,31.9140625,344971.8126139507
control,Control 65536,0,116,33.4765625,341740.3886213568
control,Control 65536,0,117,36.2734375,344690.95796879835
control,Control 65536,0,118,37.7265625,344354.6479601228
control,Control 65536,0,119,38.3125,343911.3067806076
control,Control 65536,0,120,39.6875,341542.6596242738
control,Control 65536,0,121,39.015625,344846.43384358706
control,Control 65536,0,122,38.65625,344443.0576919223
control,Control 65536,0,123,34.890625,344011.6115015251
control,Control 65536,0,124,36.09375,342136.93709497404
control,Control 65536,1,0,2.9765625,197288.60840785972
control,Control 65536,1,1,4.0546875,429487.49427672464
control,Control 65536,1,2,4.109375,1090272.8907983194
control,Control 65536,1,3,4.1015625,1097704.7092265985
control,Control 65536,1,4,3.8203125,369745.31279210665
control,Control 65536,1,5,3.71875,349956.14011418616
control,Control 65536,1,6,4.0703125,346880.7697306547
control,Control 65536,1,7,3.9765625,344568.79547388793
control,Control 65536,1,8,3.0390625,341590.4569099681
control,Control 65536,1,9,2.703125,344111.14506068703
control,Control 65536,1,10,3.078125,344467.79610239493
control,Control 65536,1,11,2.015625,344646.3493087561
control,Control 65536,1,12,1.6640625,341826.3726973955
control,Control 65536,1,13,1.3828125,344531.08186105295
control,Control 65536,1,14,1.0078125,344814.2244577558
control,Control 65536,1,15,0.84375,344331.71151377924
control,Control 65536,1,16,1.1171875,341950.3686161732
control,Control 65536,1,17,3.03125,344546.8842609118
control,Control 65536,1,18,5.109375,344594.644025757
control,Control 65536,1,19,3.90625,343886.5518634473
control,Control 65536,1,20,3.53125,341370.51118328277
control,Control 65536,1,21,3.703125,344732.39872802305
control,Control 65536,1,22,4.578125,343834.06099630165
control,Control 65536,1,23,4.859375,343604.48770278326
control,Control 65536,1,24,5.4765625,341774.07793027046
control,Control 65536,1,25,5.0703125,344249.09886150964
control,Control 65536,1,26,3.890625,344325.1613924998
control,Control 65536,1,27,4.21875,345538.6735062525
control,Control 65536,1,28,8.046875,343775.7207729081
control,Control 65536,1,29,11.0859375,345073.15372311324
control,Control 65536,1,30,13.3515625,344716.68219425157
control,Control 65536,1,31,12.2421875,344393.42842620146
control,Control 65536,1,32,12.8359375,341911.763813078
control,Control 65536,1,33,13.15625,344099.82964875735
control,Control 65536,1,34,12.6875,344658.15445322305
control,Control 65536,1,35,10.375,344219.3269047864
control,Control 65536,1,36,11.8671875,341719.8135616802
control,Control 65536,1,37,12.28125,344468.7596048435
control,Control 65536,1,38,13.765625,344838.34048446367
control,Control 65536,1,39,16.4765625,344144.40034398576
control,Control 65536,1,40,19.65625,341836.73562672595
control,Control 65536,1,41,20.0703125,344549.66641414457
control,Control 65536,1,42,20.8125,344621.40810154984
control,Control 65536,1,43,21.71875,344038.12231754797
control,Control 65536,1,44,22.546875,341336.114694159
control,Control 65536,1,45,25.1171875,344299.8060686013
control,Control 65536,1,46,26.0859375,344708.8923326934
control,Control 65536,1,47,25.765625,344447.2685648661
control,Control 65536,1,48,27.0546875,341959.37944469403
control,Control 65536,1,49,28.9375,344590.00534201314
control,Control 65536,1,50,27.765625,344436.6802886847
control,Control 65536,1,51,25.46875,346037.2168327934
control,Control 65536,1,52,26.5390625,342954.25785058003
control,Control 65536,1,53,28.0234375,345427.1926950962
control,Control 65536,1,54,28.015625,344789.82290500036
control,Control 65536,1,55,27.9609375,343862.6591073383
control,Control 65536,1,56,27.421875,341762.99557904666
control,Control 65536,1,57,26.9375,344747.96017407323
control,Control 65536,1,58,26.1328125,344463.9015699137
control,Control 65536,1,59,26.96875,329156.38067377603
control,Control 65536,1,60,28.0859375,341541.94497779995
control,Control 65536,1,61,26.828125,344495.7933983641
control,Control 65536,1,62,26.3828125,344197.86008026556
control,Control 65536,1,63,27.6875,343823.8432543595
control,Control 65536,1,64,27.9296875,341759.6446691154
control,Control 65536,1,65,27.6796875,344496.05330946576
control,Control 65536,1,66,26.7890625,344633.14326719235
control,Control 65536,1,67,28.0859375,343504.3026016025
control,Control 65536,1,68,28.0625,341871.7883921291
control,Control 65536,1,69,27.71875,344245.1584006915
control,Control 65536,1,70,27.6875,344446.03844066104
control,Control 65536,1,71,29.1953125,344382.96081766556
control,Control 65536,1,72,28.9921875,341714.887470658
control,Control 65536,1,73,33.5,344572.91439513146
control,Control 65536,1,74,31.9140625,344914.1417039346
control,Control 65536,1,75,30.8515625,345642.0056334895
control,Control 65536,1,76,31.1484375,343139.0237192013
control,Control 65536,1,77,30.546875,345083.60268066014
control,Control 65536,1,78,29.3515625,344645.02788124024
control,Control 65536,1,79,29.484375,344072.170588556
control,Control 65536,1,80,29.9609375,341423.81819707016
control,Control 65536,1,81,28.4140625,344575.3332706153
control,Control 65536,1,82,29.7421875,344608.6861146194
control,Control 65536,1,83,33.390625,344086.62755246833
control,Control 65536,1,84,31.2734375,341690.7255132851
control,Control 65536,1,85,28.4453125,344558.6895027619
control,Control 65536,1,86,30.828125,344229.2724468329
control,Control 65536,1,87,34.734375,343845.37441977934
control,Control 65536,1,88,34.59375,341350.74534753634
control,Control 65536,1,89,35.7109375,343699.8500570479
control,Control 65536,1,90,37.2109375,344144.33399073314
control,Control 65536,1,91,34.7734375,344525.11660743656
control,Control 65536,1,92,35.8984375,341886.76351535384
control,Control 65536,1,93,37.640625,344615.38009742316
control,Control 65536,1,94,38.7578125,344538.9163742908
control,Control 65536,1,95,39.5859375,344065.9025202856
control,Control 65536,1,96,39.3828125,331850.9966475937
control,Control 65536,1,97,39.1015625,344579.36250146304
control,Control 65536,1,98,40.78125,344922.05337677296
control,Control 65536,1,99,39.4765625,345954.79489760014
control,Control 65536,1,100,37.359375,343116.5512963013
control,Control 65536,1,101,37.9609375,344448.90011157707
control,Control 65536,1,102,37.7578125,344563.3126583159
control,Control 65536,1,103,42.203125,344270.009818433
control,Control 65536,1,104,39.9921875,341428.61291291803
control,Control 65536,1,105,37.28125,344200.7029746828
control,Control 65536,1,106,39.78125,344462.1446992478
control,Control 65536,1,107,39.6640625,344104.95052569866
control,Control 65536,1,108,40.1953125,341684.34768679726
control,Control 65536,1,109,39.15625,344642.7419824853
control,Control 65536,1,110,38.1640625,344740.9998937676
control,Control 65536,1,111,36.5,344213.2250267591
control,Control 65536,1,112,37.09375,341273.6912161678
control,Control 65536,1,113,40.265625,344863.89374329307
control,Control 65536,1,114,41.125,344393.1013577388
control,Control 65536,1,115,41.109375,344123.63905657275
control,Control 65536,1,116,40.3984375,341869.69049990823
control,Control 65536,1,117,40.484375,344681.4239925277
control,Control 65536,1,118,42.28125,344300.65046714095
control,Control 65536,1,119,44.0234375,343924.33965254494
control,Control 65536,1,120,45.9921875,342082.9457054453
control,Control 65536,1,121,47.8828125,343537.81679910066
control,Control 65536,1,122,46.359375,343995.45780373644
control,Control 65536,1,123,43.484375,345321.06066070916
control,Control 65536,1,124,43.625,343581.7618762419
control,Control 65536,2,0,3.6015625,196983.59023474564
control,Control 65536,2,1,4.0859375,425854.2847846921
control,Control 65536,2,2,3.828125,1070338.9322256758
control,Control 65536,2,3,3.7265625,1077139.905872585
control,Control 65536,2,4,4.1796875,366953.68383680785
control,Control 65536,2,5,4.0546875,348324.5775068092
control,Control 65536,2,6,4.3125,346080.08259411115
control,Control 65536,2,7,3.9453125,343834.9254766148
control,Control 65536,2,8,4.3046875,341221.9076560188
control,Control 65536,2,9,4.484375,343619.9766934676
control,Control 65536,2,10,4.2109375,343446.83376042114
control,Control 65536,2,11,4.28125,343112.75492708513
control,Control 65536,2,12,3.8828125,340592.0665516811
control,Control 65536,2,13,2.703125,343959.6368100938
control,Control 65536,2,14,1.84375,343550.76985266944
control,Control 65536,2,15,2.390625,343304.6452342239
control,Control 65536,2,16,2.5546875,341202.7113081514
control,Control 65536,2,17,3.640625,344281.13634521567
control,Control 65536,2,18,3.578125,345033.7661491542
control,Control 65536,2,19,3.65625,344915.1163608765
control,Control 65536,2,20,6.5234375,341003.27881466335
control,Control 65536,2,21,5.203125,343384.77013187745
control,Control 65536,2,22,4.453125,343306.57554598653
control,Control 65536,2,23,4.890625,342874.62711008923
control,Control 65536,2,24,5.578125,340767.45901861374
control,Control 65536,2,25,5.828125,343921.0434750013
control,Control 65536,2,26,3.7109375,343856.665359948
control,Control 65536,2,27,3.6796875,343700.6184570113
control,Control 65536,2,28,8.203125,341048.28562612395
control,Control 65536,2,29,7.5,343935.5781134758
control,Control 65536,2,30,9.1328125,343890.55811833346
control,Control 65536,2,31,11.4296875,343289.37586973526
control,Control 65536,2,32,13.265625,341099.2469841741
control,Control 65536,2,33,15.234375,344094.20581954357
control,Control 65536,2,34,11.59375,343506.02052495594
control,Control 65536,2,35,14.5078125,343437.050951356
control,Control 65536,2,36,16.84375,340998.3369803281
control,Control 65536,2,37,16.375,343929.07834120194
control,Control 65536,2,38,15.4453125,343755.83879328135
control,Control 65536,2,39,15.8359375,343672.74166124593
control,Control 65536,2,40,16.4609375,340919.5103594555
control,Control 65536,2,41,17.2578125,344113.58761249355
control,Control 65536,2,42,16.953125,345521.62296764477
control,Control 65536,2,43,18.3828125,344707.04218424176
control,Control 65536,2,44,19.328125,340370.7902707904
control,Control 65536,2,45,19.6953125,343093.4343199335
control,Control 65536,2,46,20.0078125,343931.6147035108
control,Control 65536,2,47,19.6796875,343237.34658149007
control,Control 65536,2,48,21.8359375,341177.06505110086
control,Control 65536,2,49,22.90625,343660.2597611259
control,Control 65536,2,50,23.6796875,343694.43181747623
control,Control 65536,2,51,23.484375,343783.9793104503
control,Control 65536,2,52,23.15625,341194.832121046
control,Control 65536,2,53,24.0625,343836.4256398333
control,Control 65536,2,54,23.328125,344118.1092249461
control,Control 65536,2,55,23.015625,343526.4944114295
control,Control 65536,2,56,25.59375,340832.76894751564
control,Control 65536,2,57,26.59375,344004.414863733
control,Control 65536,2,58,26.5625,344082.373807323
control,Control 65536,2,59,26.4296875,343265.8746615456
control,Control 65536,2,60,26.1953125,340816.7966151774
control,Control 65536,2,61,26.15625,343580.51473567775
control,Control 65536,2,62,26.9609375,330745.18316773546
control,Control 65536,2,63,27.40625,343513.16713316273
control,Control 65536,2,64,26.7421875,340477.4365651011
control,Control 65536,2,65,27.296875,343982.84225345816
control,Control 65536,2,66,27.5859375,344933.7718024418
control,Control 65536,2,67,26.7578125,344542.47747741966
control,Control 65536,2,68,27.75,340814.24091048207
control,Control 65536,2,69,30.484375,343851.0572185801
control,Control 65536,2,70,29.921875,343661.33733657165
control,Control 65536,2,71,30.3359375,343513.388644992
control,Control 65536,2,72,30.3046875,341238.7542073719
control,Control 65536,2,73,30.9921875,344073.91573107004
control,Control 65536,2,74,29.6015625,343870.92182250484
control,Control 65536,2,75,28.0078125,343559.8866950664
control,Control 65536,2,76,28.3671875,340921.58730390406
control,Control 65536,2,77,30.140625,344072.4143561653
control,Control 65536,2,78,30.09375,344123.0385037753
control,Control 65536,2,79,30.6640625,343310.4130805341
control,Control 65536,2,80,32.6953125,340798.0675015471
control,Control 65536,2,81,31.3828125,343734.24490695214
control,Control 65536,2,82,28.3671875,343777.5824348288
control,Control 65536,2,83,27.40625,343104.20483820507
control,Control 65536,2,84,27.7578125,340830.54010113864
control,Control 65536,2,85,26.859375,343808.9714567363
control,Control 65536,2,86,27.96875,343893.06379598443
control,Control 65536,2,87,28.2265625,343149.1211200984
control,Control 65536,2,88,28.6875,340912.68182186387
control,Control 65536,2,89,29.6796875,344328.8284980473
control,Control 65536,2,90,30.2734375,344907.9485196574
control,Control 65536,2,91,31.6171875,344396.57055883604
control,Control 65536,2,92,31.359375,341106.7661908829
control,Control 65536,2,93,30.8984375,343912.6819670457
control,Control 65536,2,94,29.234375,343721.16712461365
control,Control 65536,2,95,28.40625,343545.17769593437
control,Control 65536,2,96,29.28125,340854.50109347695
control,Control 65536,2,97,31.125,343753.65924979985
control,Control 65536,2,98,31.546875,336638.0962958941
control,Control 65536,2,99,31.2265625,343069.54631045926
control,Control 65536,2,100,31.1640625,340694.10773680464
control,Control 65536,2,101,30.140625,343581.5918110864
control,Control 65536,2,102,30.140625,343491.61144935736
control,Control 65536,2,103,32.2421875,343004.01759991376
control,Control 65536,2,104,30.6796875,341040.9653293611
control,Control 65536,2,105,31.6015625,343585.414023139
control,Control 65536,2,106,30.703125,343667.1463923819
control,Control 65536,2,107,30.328125,343479.47404614947
control,Control 65536,2,108,31.0546875,340542.43200923427
control,Control 65536,2,109,30.2734375,343578.03594185103
control,Control 65536,2,110,29.75,343827.92116070807
control,Control 65536,2,111,29.9140625,343259.66594136524
control,Control 65536,2,112,30.21875,340644.9584701336
control,Control 65536,2,113,31.0859375,344746.266125445
control,Control 65536,2,114,34.0703125,345527.89119911584
control,Control 65536,2,115,33.78125,344117.09512584115
control,Control 65536,2,116,36.171875,340912.5296099012
control,Control 65536,2,117,38.2265625,343829.0221517962
control,Control 65536,2,118,37.609375,343927.47409199056
control,Control 65536,2,119,36.21875,343174.73396733
control,Control 65536,2,120,33.296875,340790.78751776594
control,Control 65536,2,121,30.5390625,344045.0396035053
control,Control 65536,2,122,33.15625,344036.50930019695
control,Control 65536,2,123,34.4296875,343294.0679227572
control,Control 65536,2,124,35.296875,341385.15156928106
control,Control 65536,3,0,3.546875,199682.81902402002
control,Control 65536,3,1,4.84375,417942.8179443461
control,Control 65536,3,2,4.625,1076626.67883051
control,Control 65536,3,3,4.90625,1079371.44599579
control,Control 65536,3,4,4.265625,367244.2040058477
control,Control 65536,3,5,4.265625,348915.8885058308
control,Control 65536,3,6,4.4765625,346538.2598297496
control,Control 65536,3,7,4.296875,344433.0324649626
control,Control 65536,3,8,4.8671875,341334.94229545316
control,Control 65536,3,9,4.34375,344055.30064183625
control,Control 65536,3,10,4.7734375,344973.7019730369
control,Control 65536,3,11,5.0,344643.7444901154
control,Control 65536,3,12,5.4140625,342353.7110743588
control,Control 65536,3,13,3.1640625,343911.4040243436
control,Control 65536,3,14,2.09375,343934.5125884206
control,Control 65536,3,15,1.4140625,343492.1273874047
control,Control 65536,3,16,1.8984375,341623.991837093
control,Control 65536,3,17,3.1484375,344369.9898050773
control,Control 65536,3,18,6.7578125,344332.3783582245
control,Control 65536,3,19,6.53125,343293.8621282686
control,Control 65536,3,20,5.078125,341361.51610036625
control,Control 65536,3,21,4.8828125,343812.97504413116
control,Control 65536,3,22,5.671875,342653.4795663733
control,Control 65536,3,23,5.1328125,343312.8734355265
control,Control 65536,3,24,5.2109375,341268.2831039118
control,Control 65536,3,25,4.9921875,344005.41280019
control,Control 65536,3,26,6.4765625,344178.4834456489
control,Control 65536,3,27,8.2421875,343515.8072636701
control,Control 65536,3,28,11.2265625,341409.365314238
control,Control 65536,3,29,11.40625,344274.09141614323
control,Control 65536,3,30,11.484375,344135.05857484206
control,Control 65536,3,31,12.6953125,343480.75650653196
control,Control 65536,3,32,13.6640625,341470.2570321402
control,Control 65536,3,33,13.4375,344190.35913309397
control,Control 65536,3,34,14.609375,345103.80319339555
control,Control 65536,3,35,14.125,345232.2222376006
control,Control 65536,3,36,15.75,341995.88960311515
control,Control 65536,3,37,15.7890625,344543.3006097182
control,Control 65536,3,38,16.0234375,344286.8188955554
control,Control 65536,3,39,15.1484375,343609.33527170407
control,Control 65536,3,40,16.2265625,341523.8871425622
control,Control 65536,3,41,17.4921875,343833.6842390775
control,Control 65536,3,42,17.875,344509.1529915787
control,Control 65536,3,43,17.3984375,343530.6399707867
control,Control 65536,3,44,17.671875,340578.973577457
control,Control 65536,3,45,18.5703125,343821.0943132258
control,Control 65536,3,46,19.4296875,344117.8283438819
control,Control 65536,3,47,18.90625,343589.96643159963
control,Control 65536,3,48,19.65625,341177.1302650689
control,Control 65536,3,49,20.6640625,344016.90024926246
control,Control 65536,3,50,21.328125,344260.6025915441
control,Control 65536,3,51,21.25,343576.83263175614
control,Control 65536,3,52,21.859375,341397.3381510866
control,Control 65536,3,53,21.5234375,344545.94968862826
control,Control 65536,3,54,21.9921875,344457.60540828225
control,Control 65536,3,55,22.9765625,343824.6930610765
control,Control 65536,3,56,22.40625,341373.5110627842
control,Control 65536,3,57,23.859375,343985.6376893677
control,Control 65536,3,58,24.109375,345162.58728713216
control,Control 65536,3,59,24.8515625,344748.7246200492
control,Control 65536,3,60,24.9296875,341939.2025179655
control,Control 65536,3,61,26.75,323015.77844207257
control,Control 65536,3,62,27.078125,344002.97264483
control,Control 65536,3,63,25.7109375,343712.3133440552
control,Control 65536,3,64,25.2109375,340707.65298230964
control,Control 65536,3,65,25.6015625,343484.0451083457
control,Control 65536,3,66,27.4140625,344046.5114573355
control,Control 65536,3,67,27.2890625,342902.38141803833
control,Control 65536,3,68,28.0390625,341504.73062817863
control,Control 65536,3,69,28.1640625,343812.24312462646
control,Control 65536,3,70,28.015625,343881.08385477477
control,Control 65536,3,71,29.1953125,343506.3450521367
control,Control 65536,3,72,28.5546875,341457.13886999135
control,Control 65536,3,73,27.8671875,344053.2594095165
control,Control 65536,3,74,26.6640625,344074.44806335657
control,Control 65536,3,75,27.7265625,343778.89033962705
control,Control 65536,3,76,28.9296875,341183.98379923776
control,Control 65536,3,77,28.0390625,343832.4068834011
control,Control 65536,3,78,27.296875,344153.59353287605
control,Control 65536,3,79,26.8515625,343877.69128157705
control,Control 65536,3,80,27.0390625,341293.7320459512
control,Control 65536,3,81,28.4453125,344306.72611868335
control,Control 65536,3,82,28.171875,345997.94597399817
control,Control 65536,3,83,27.234375,345019.3178324208
control,Control 65536,3,84,29.234375,341959.70871349657
control,Control 65536,3,85,28.5546875,344054.2946644002
control,Control 65536,3,86,28.6953125,344013.71165394643
control,Control 65536,3,87,29.84375,344006.5226776488
control,Control 65536,3,88,28.828125,341272.17011430825
control,Control 65536,3,89,30.5390625,343367.19546266977
control,Control 65536,3,90,30.546875,343741.1938239071
control,Control 65536,3,91,30.484375,343780.20427373174
control,Control 65536,3,92,31.4140625,341438.90084455843
control,Control 65536,3,93,32.3359375,344323.8639925413
control,Control 65536,3,94,34.015625,344361.39247437846
control,Control 65536,3,95,30.703125,343536.64382484695
control,Control 65536,3,96,28.6171875,341099.4865574781
control,Control 65536,3,97,29.8828125,344145.5473113963
control,Control 65536,3,98,29.1171875,334958.706525074
control,Control 65536,3,99,29.0546875,343690.93205556885
control,Control 65536,3,100,30.75,341168.16061429644
control,Control 65536,3,101,29.3359375,344545.927231316
control,Control 65536,3,102,31.078125,344126.56947410735
control,Control 65536,3,103,31.1875,343549.9059418736
control,Control 65536,3,104,31.921875,341299.19266481657
control,Control 65536,3,105,34.9140625,344104.8919414532
control,Control 65536,3,106,35.796875,345674.3542102984
control,Control 65536,3,107,33.3359375,345200.3577874235
control,Control 65536,3,108,32.3359375,341058.667445946
control,Control 65536,3,109,29.9921875,344232.82801411126
control,Control 65536,3,110,29.2421875,344020.87940291036
control,Control 65536,3,111,30.515625,343217.88680451555
control,Control 65536,3,112,33.796875,341016.7750416338
control,Control 65536,3,113,33.9609375,344257.4620771431
control,Control 65536,3,114,33.7578125,344173.5448214067
control,Control 65536,3,115,37.375,343783.4771139966
control,Control 65536,3,116,32.7265625,341715.2086223161
control,Control 65536,3,117,29.8828125,343856.01584195555
control,Control 65536,3,118,32.6796875,343861.21721648064
control,Control 65536,3,119,33.3671875,343931.53380097967
control,Control 65536,3,120,32.296875,341236.24385138205
control,Control 65536,3,121,32.09375,344271.55000007217
control,Control 65536,3,122,34.0078125,344272.2467945014
control,Control 65536,3,123,36.21875,343477.9915888187
control,Control 65536,3,124,33.2890625,341561.3908787941
control,Control 65536,4,0,3.4140625,200149.93253575065
control,Control 65536,4,1,4.5,421282.45114786027
control,Control 65536,4,2,4.203125,1077664.6665134474
control,Control 65536,4,3,3.6328125,1085019.1142682482
control,Control 65536,4,4,3.9140625,367166.67149315705
control,Control 65536,4,5,4.09375,348714.81721193733
control,Control 65536,4,6,3.65625,346041.35612424446
control,Control 65536,4,7,3.640625,344150.30674770585
control,Control 65536,4,8,3.3671875,341106.9913827761
control,Control 65536,4,9,2.9765625,343631.2751735922
control,Control 65536,4,10,2.4296875,343502.64307477017
control,Control 65536,4,11,2.5859375,343489.9820911247
control,Control 65536,4,12,1.84375,341016.0042108651
control,Control 65536,4,13,1.640625,343532.2104666913
control,Control 65536,4,14,1.4375,343547.376923815
control,Control 65536,4,15,1.296875,343738.5201383299
control,Control 65536,4,16,3.0625,340947.5292542104
control,Control 65536,4,17,4.2890625,344129.61885013385
control,Control 65536,4,18,4.6328125,344279.8177167768
control,Control 65536,4,19,4.8359375,343885.3919943627
control,Control 65536,4,20,5.0703125,340832.108827291
control,Control 65536,4,21,2.4921875,344382.9314781897
control,Control 65536,4,22,3.2421875,344867.4018579356
control,Control 65536,4,23,5.4453125,344192.2623532737
control,Control 65536,4,24,6.578125,341822.2469147677
control,Control 65536,4,25,8.984375,343675.0740080426
control,Control 65536,4,26,10.234375,343854.795959166
control,Control 65536,4,27,5.765625,343730.98074095714
control,Control 65536,4,28,3.625,340933.101443147
control,Control 65536,4,29,3.375,343926.16677765443
control,Control 65536,4,30,5.1171875,344121.580642577
control,Control 65536,4,31,7.703125,343292.32210734417
control,Control 65536,4,32,6.7109375,341369.8040401692
control,Control 65536,4,33,8.265625,343755.8310552083
control,Control 65536,4,34,12.0546875,344548.16865826456
control,Control 65536,4,35,16.8984375,343480.29897438636
control,Control 65536,4,36,14.1640625,340710.63446604053
control,Control 65536,4,37,12.2265625,343905.57810287265
control,Control 65536,4,38,12.5859375,344182.8516174582
control,Control 65536,4,39,12.0546875,343755.06326813344
control,Control 65536,4,40,13.515625,341189.23678085016
control,Control 65536,4,41,14.0234375,343978.7589496758
control,Control 65536,4,42,14.96875,343735.86196869233
control,Control 65536,4,43,17.0703125,343394.87513725966
control,Control 65536,4,44,17.6015625,341066.58435742185
control,Control 65536,4,45,17.0,343749.68627537537
control,Control 65536,4,46,18.3828125,344300.7763941422
control,Control 65536,4,47,19.7109375,345053.00877543463
control,Control 65536,4,48,21.5703125,342392.77485157136
control,Control 65536,4,49,21.7109375,344230.4354989478
control,Control 65536,4,50,21.8359375,343662.7913007543
control,Control 65536,4,51,22.46875,343380.06959380634
control,Control 65536,4,52,24.15625,341309.1083342654
control,Control 65536,4,53,24.0625,343829.08150229737
control,Control 65536,4,54,23.8671875,343985.77716102806
control,Control 65536,4,55,25.2734375,343483.7798546509
control,Control 65536,4,56,26.1484375,340756.60997609363
control,Control 65536,4,57,26.5078125,343950.0984868716
control,Control 65536,4,58,26.6875,344526.6072537406
control,Control 65536,4,59,27.3828125,343587.6945070149
control,Control 65536,4,60,25.28125,325917.87331125315
control,Control 65536,4,61,25.484375,343836.6398270489
control,Control 65536,4,62,25.078125,343839.2118148556
control,Control 65536,4,63,25.0390625,343177.8761805993
control,Control 65536,4,64,25.3046875,341263.28274397715
control,Control 65536,4,65,25.328125,343854.4260387328
control,Control 65536,4,66,24.625,343631.38600564527
control,Control 65536,4,67,25.15625,342823.39216456853
control,Control 65536,4,68,27.8515625,340824.3836667082
control,Control 65536,4,69,28.265625,343969.4270317425
control,Control 65536,4,70,26.2578125,345413.1654245303
control,Control 65536,4,71,28.453125,344771.3681132762
control,Control 65536,4,72,26.8984375,341702.2254006716
control,Control 65536,4,73,27.109375,343718.3536359704
control,Control 65536,4,74,28.109375,344374.8451914413
control,Control 65536,4,75,28.703125,343661.2926522881
control,Control 65536,4,76,29.953125,341345.09402635053
control,Control 65536,4,77,27.9453125,343841.88620686287
control,Control 65536,4,78,26.8046875,343779.1268126286
control,Control 65536,4,79,26.125,343243.04616048
control,Control 65536,4,80,24.4375,340992.457052462
control,Control 65536,4,81,27.3046875,343934.1063479731
control,Control 65536,4,82,28.0703125,344239.9298847253
control,Control 65536,4,83,26.890625,343288.66932900244
control,Control 65536,4,84,24.9609375,340999.4046954586
control,Control 65536,4,85,26.6484375,344218.66739496787
control,Control 65536,4,86,26.21875,343824.47888874484
control,Control 65536,4,87,24.7578125,343439.9405080729
control,Control 65536,4,88,27.359375,340875.4438340458
control,Control 65536,4,89,28.2421875,343639.04733719677
control,Control 65536,4,90,26.0,343277.9669645192
control,Control 65536,4,91,25.8125,343517.5630802488
control,Control 65536,4,92,29.109375,341499.21251828765
control,Control 65536,4,93,29.5078125,344205.75358122465
control,Control 65536,4,94,29.9453125,345157.6056450554
control,Control 65536,4,95,31.453125,345151.9844589615
control,Control 65536,4,96,27.875,341702.56861671165
control,Control 65536,4,97,27.4765625,335305.66439241054
control,Control 65536,4,98,28.9453125,344087.77499626635
control,Control 65536,4,99,30.6875,343128.04541909473
control,Control 65536,4,100,28.6953125,341181.32094999216
control,Control 65536,4,101,30.3515625,343600.7312101238
control,Control 65536,4,102,31.8125,344026.1098781955
control,Control 65536,4,103,32.5703125,343617.79973157105
control,Control 65536,4,104,33.3125,341046.93409796985
control,Control 65536,4,105,33.4375,343884.031653425
control,Control 65536,4,106,30.9765625,343879.6788068285
control,Control 65536,4,107,30.8203125,343399.7313796112
control,Control 65536,4,108,32.6015625,341100.1629517675
control,Control 65536,4,109,33.53125,343888.673721354
control,Control 65536,4,110,34.640625,344096.9074400462
control,Control 65536,4,111,34.125,343430.88752714964
control,Control 65536,4,112,30.9453125,341085.6858214631
control,Control 65536,4,113,32.0859375,343591.4489966972
control,Control 65536,4,114,34.75,343972.88770238584
control,Control 65536,4,115,34.4765625,343658.4956111283
control,Control 65536,4,116,35.8671875,341350.6648068411
control,Control 65536,4,117,34.8671875,344157.3914249658
control,Control 65536,4,118,35.6953125,345121.9512716939
control,Control 65536,4,119,35.0859375,344916.89343606785
control,Control 65536,4,120,39.0,341803.5312418454
control,Control 65536,4,121,39.3359375,343834.55645911355
control,Control 65536,4,122,41.4765625,344009.90229431144
control,Control 65536,4,123,38.28125,343766.23735871265
control,Control 65536,4,124,40.1015625,341749.32380350726
b32768,Batch 32768,0,0,3.46875,199032.97573590415
b32768,Batch 32768,0,1,4.390625,429381.9517788337
b32768,Batch 32768,0,2,3.703125,588176.195871902
b32768,Batch 32768,0,3,3.4921875,568362.0363392379
b32768,Batch 32768,0,4,3.8046875,554608.6193413263
b32768,Batch 32768,0,5,3.7109375,556626.2291695911
b32768,Batch 32768,0,6,3.703125,554535.4592640633
b32768,Batch 32768,0,7,3.359375,549697.7064428474
b32768,Batch 32768,0,8,3.484375,543806.909978799
b32768,Batch 32768,0,9,3.375,550747.4721624566
b32768,Batch 32768,0,10,2.78125,550116.6970426603
b32768,Batch 32768,0,11,2.5859375,549725.2227788029
b32768,Batch 32768,0,12,1.71875,543353.6087213029
b32768,Batch 32768,0,13,1.234375,550965.496100342
b32768,Batch 32768,0,14,2.015625,550125.5290505516
b32768,Batch 32768,0,15,2.625,549914.2375808762
b32768,Batch 32768,0,16,4.859375,542389.6868077846
b32768,Batch 32768,0,17,3.625,550471.151148918
b32768,Batch 32768,0,18,3.4921875,551278.268055323
b32768,Batch 32768,0,19,3.453125,550731.6817900846
b32768,Batch 32768,0,20,4.3828125,543051.6222188529
b32768,Batch 32768,0,21,3.3515625,550802.4354565962
b32768,Batch 32768,0,22,3.671875,551100.5013156121
b32768,Batch 32768,0,23,4.03125,546986.3127890863
b32768,Batch 32768,0,24,5.7265625,543471.5415844644
b32768,Batch 32768,0,25,6.78125,553917.2300780765
b32768,Batch 32768,0,26,9.5859375,554879.179819023
b32768,Batch 32768,0,27,10.234375,554307.6910890698
b32768,Batch 32768,0,28,11.40625,548546.8977103871
b32768,Batch 32768,0,29,9.8359375,551909.9027850929
b32768,Batch 32768,0,30,10.21875,551351.8429434716
b32768,Batch 32768,0,31,12.3125,550244.41552214
b32768,Batch 32768,0,32,13.515625,544180.1872241166
b32768,Batch 32768,0,33,16.5,550683.7622848861
b32768,Batch 32768,0,34,17.2890625,551271.9816292508
b32768,Batch 32768,0,35,17.4453125,550168.0922509539
b32768,Batch 32768,0,36,17.921875,544644.6959534489
b32768,Batch 32768,0,37,17.9296875,551287.5553347465
b32768,Batch 32768,0,38,18.8203125,551246.7975612101
b32768,Batch 32768,0,39,19.4453125,549163.878929524
b32768,Batch 32768,0,40,19.765625,543261.0669869317
b32768,Batch 32768,0,41,20.6328125,551792.0080629695
b32768,Batch 32768,0,42,20.1015625,551065.9378871066
b32768,Batch 32768,0,43,21.6015625,549529.7703122797
b32768,Batch 32768,0,44,21.4140625,543396.2519290239
b32768,Batch 32768,0,45,21.84375,550350.6152217119
b32768,Batch 32768,0,46,23.0859375,550730.2032131786
b32768,Batch 32768,0,47,23.5,550646.0676139385
b32768,Batch 32768,0,48,25.484375,544199.2888175005
b32768,Batch 32768,0,49,27.6484375,551480.2108883767
b32768,Batch 32768,0,50,26.3046875,550859.4034133607
b32768,Batch 32768,0,51,26.1875,550343.2701068697
b32768,Batch 32768,0,52,26.28125,544179.9652958304
b32768,Batch 32768,0,53,25.1796875,550732.2312930777
b32768,Batch 32768,0,54,26.21875,550837.4206203326
b32768,Batch 32768,0,55,26.265625,550428.0318278623
b32768,Batch 32768,0,56,26.484375,544287.5377001887
b32768,Batch 32768,0,57,26.515625,551071.7843304167
b32768,Batch 32768,0,58,27.1640625,550592.3663104164
b32768,Batch 32768,0,59,28.078125,549992.8366008902
b32768,Batch 32768,0,60,27.6171875,544376.7768730539
b32768,Batch 32768,0,61,29.9140625,550710.5653752954
b32768,Batch 32768,0,62,30.546875,551120.9846566734
b32768,Batch 32768,0,63,32.234375,551276.1784605765
b32768,Batch 32768,0,64,31.40625,548198.2576488169
b32768,Batch 32768,0,65,30.359375,555212.3071921305
b32768,Batch 32768,0,66,30.5390625,555859.9094396849
b32768,Batch 32768,0,67,31.0703125,551634.5443406573
b32768,Batch 32768,0,68,32.2890625,541861.9879545103
b32768,Batch 32768,0,69,31.1171875,550463.974782278
b32768,Batch 32768,0,70,30.96875,550140.3774157441
b32768,Batch 32768,0,71,33.296875,550025.22504363
b32768,Batch 32768,0,72,31.03125,544176.5588270822
b32768,Batch 32768,0,73,31.4296875,551735.6289146596
b32768,Batch 32768,0,74,32.3515625,550654.6518815034
b32768,Batch 32768,0,75,32.3828125,549453.6824948845
b32768,Batch 32768,0,76,32.8125,544335.6267223919
b32768,Batch 32768,0,77,31.859375,550060.5276181215
b32768,Batch 32768,0,78,33.375,550993.0268543314
b32768,Batch 32768,0,79,34.671875,549976.1607368469
b32768,Batch 32768,0,80,33.015625,497992.8098117244
b32768,Batch 32768,0,81,33.6484375,548266.0915807292
b32768,Batch 32768,0,82,33.7734375,551606.415904122
b32768,Batch 32768,0,83,37.09375,548990.2053234209
b32768,Batch 32768,0,84,37.125,542850.9946052706
b32768,Batch 32768,0,85,37.09375,551306.3055364655
b32768,Batch 32768,0,86,39.4921875,550984.6021161322
b32768,Batch 32768,0,87,36.3359375,549591.193738557
b32768,Batch 32768,0,88,35.4296875,543355.0651396122
b32768,Batch 32768,0,89,38.1171875,550851.4176964962
b32768,Batch 32768,0,90,39.6875,550965.9334255385
b32768,Batch 32768,0,91,36.6796875,549052.4118621153
b32768,Batch 32768,0,92,34.7734375,543298.1825561018
b32768,Batch 32768,0,93,36.96875,551632.7000191993
b32768,Batch 32768,0,94,38.078125,551320.0964504627
b32768,Batch 32768,0,95,35.359375,549622.7216467079
b32768,Batch 32768,0,96,35.5546875,543943.5120176575
b32768,Batch 32768,0,97,34.8046875,551170.9143450096
b32768,Batch 32768,0,98,33.8359375,552559.9895276541
b32768,Batch 32768,0,99,36.7421875,550397.244635309
b32768,Batch 32768,0,100,37.6484375,544986.9535101613
b32768,Batch 32768,0,101,39.4921875,551448.2615417046
b32768,Batch 32768,0,102,38.4921875,554693.9120959403
b32768,Batch 32768,0,103,40.8046875,554029.3972074755
b32768,Batch 32768,0,104,40.828125,547687.6030999179
b32768,Batch 32768,0,105,39.8984375,552383.7997008938
b32768,Batch 32768,0,106,40.59375,551297.5859480043
b32768,Batch 32768,0,107,41.5703125,549356.2407250211
b32768,Batch 32768,0,108,42.546875,544918.4075291677
b32768,Batch 32768,0,109,41.8046875,550199.2899212566
b32768,Batch 32768,0,110,44.609375,549431.5679470391
b32768,Batch 32768,0,111,47.375,548221.2308257875
b32768,Batch 32768,0,112,44.40625,542406.7877138086
b32768,Batch 32768,0,113,45.8046875,549215.6054185104
b32768,Batch 32768,0,114,44.3203125,549609.4287143186
b32768,Batch 32768,0,115,42.828125,549925.635323593
b32768,Batch 32768,0,116,40.546875,543533.4258359603
b32768,Batch 32768,0,117,38.203125,550601.5202037843
b32768,Batch 32768,0,118,40.7890625,550143.6871932187
b32768,Batch 32768,0,119,39.6015625,550209.1466097479
b32768,Batch 32768,0,120,37.984375,543731.8973690792
b32768,Batch 32768,0,121,36.09375,551074.0425136894
b32768,Batch 32768,0,122,35.7421875,551569.1282851085
b32768,Batch 32768,0,123,37.0703125,549977.9961988163
b32768,Batch 32768,0,124,39.015625,543255.6427789313
b32768,Batch 32768,1,0,2.9765625,201427.41793000203
b32768,Batch 32768,1,1,4.0546875,431149.94847791037
b32768,Batch 32768,1,2,3.921875,587740.230746673
b32768,Batch 32768,1,3,3.875,573166.6163334913
b32768,Batch 32768,1,4,3.765625,559684.0423999238
b32768,Batch 32768,1,5,3.4921875,561406.9941517807
b32768,Batch 32768,1,6,2.984375,556910.7063669062
b32768,Batch 32768,1,7,3.21875,551652.0604740654
b32768,Batch 32768,1,8,2.46875,544377.9455367662
b32768,Batch 32768,1,9,2.3125,550941.7446423133
b32768,Batch 32768,1,10,1.6171875,550745.3865896798
b32768,Batch 32768,1,11,2.09375,549752.0645789196
b32768,Batch 32768,1,12,1.8828125,544212.0778305222
b32768,Batch 32768,1,13,1.2265625,551167.6673473115
b32768,Batch 32768,1,14,0.828125,551599.9714533604
b32768,Batch 32768,1,15,1.9296875,549552.89258152
b32768,Batch 32768,1,16,4.21875,544121.8715584842
b32768,Batch 32768,1,17,4.1640625,551304.1781348924
b32768,Batch 32768,1,18,3.5234375,551180.8633487833
b32768,Batch 32768,1,19,5.4140625,550573.9315134975
b32768,Batch 32768,1,20,6.21875,543105.227514159
b32768,Batch 32768,1,21,5.828125,552506.4673356304
b32768,Batch 32768,1,22,6.03125,551278.0027090803
b32768,Batch 32768,1,23,8.671875,548603.340905626
b32768,Batch 32768,1,24,5.1953125,544503.0517540582
b32768,Batch 32768,1,25,4.4453125,551728.3796739726
b32768,Batch 32768,1,26,5.84375,550959.899282609
b32768,Batch 32768,1,27,5.5625,549786.1422907533
b32768,Batch 32768,1,28,11.4921875,544680.1465804722
b32768,Batch 32768,1,29,14.875,551390.3377607672
b32768,Batch 32768,1,30,17.015625,551134.4436306756
b32768,Batch 32768,1,31,19.328125,550343.5147204997
b32768,Batch 32768,1,32,19.734375,544101.8534754618
b32768,Batch 32768,1,33,16.125,551226.4750990347
b32768,Batch 32768,1,34,17.3671875,551352.203468741
b32768,Batch 32768,1,35,18.28125,550300.8692894033
b32768,Batch 32768,1,36,19.328125,545127.3469142523
b32768,Batch 32768,1,37,20.453125,550998.8695416815
b32768,Batch 32768,1,38,21.125,552496.0906282511
b32768,Batch 32768,1,39,22.015625,550607.4295896274
b32768,Batch 32768,1,40,22.46875,544889.0868787465
b32768,Batch 32768,1,41,23.203125,554809.4533598126
b32768,Batch 32768,1,42,23.25,555769.5269466385
b32768,Batch 32768,1,43,22.59375,553697.6115473001
b32768,Batch 32768,1,44,23.421875,547732.5271784147
b32768,Batch 32768,1,45,24.0390625,550826.5943477355
b32768,Batch 32768,1,46,25.0703125,550629.9212678552
b32768,Batch 32768,1,47,24.6484375,550426.0831413716
b32768,Batch 32768,1,48,24.1484375,543862.8984004136
b32768,Batch 32768,1,49,23.0625,551221.5760002875
b32768,Batch 32768,1,50,22.171875,550802.2853531516
b32768,Batch 32768,1,51,21.46875,550339.4466698356
b32768,Batch 32768,1,52,23.9921875,544443.0385404037
b32768,Batch 32768,1,53,23.3671875,551494.6013628312
b32768,Batch 32768,1,54,23.5703125,550369.4516102896
b32768,Batch 32768,1,55,26.3046875,550523.8629417628
b32768,Batch 32768,1,56,25.4609375,544138.7673377505
b32768,Batch 32768,1,57,25.28125,551399.6310288334
b32768,Batch 32768,1,58,25.296875,551970.9439383053
b32768,Batch 32768,1,59,24.9453125,549208.3103202749
b32768,Batch 32768,1,60,25.234375,544646.6967275044
b32768,Batch 32768,1,61,24.6875,551611.2687125684
b32768,Batch 32768,1,62,27.703125,551799.7906726095
b32768,Batch 32768,1,63,28.5234375,550150.7825390067
b32768,Batch 32768,1,64,28.296875,543657.3312508061
b32768,Batch 32768,1,65,27.171875,551574.6046713226
b32768,Batch 32768,1,66,27.453125,552561.6312312849
b32768,Batch 32768,1,67,29.34375,548635.6973029583
b32768,Batch 32768,1,68,30.3984375,543621.551336454
b32768,Batch 32768,1,69,31.21875,551554.3177950315
b32768,Batch 32768,1,70,30.3984375,550642.8444461182
b32768,Batch 32768,1,71,29.828125,549813.3859472693
b32768,Batch 32768,1,72,28.765625,544245.2135439019
b32768,Batch 32768,1,73,28.8671875,551390.7934576343
b32768,Batch 32768,1,74,29.640625,552413.2064562691
b32768,Batch 32768,1,75,30.3984375,550357.7137023059
b32768,Batch 32768,1,76,33.1015625,544346.3502584526
b32768,Batch 32768,1,77,31.9609375,551127.4753802958
b32768,Batch 32768,1,78,32.3359375,551495.2873799062
b32768,Batch 32768,1,79,33.6875,552839.5773755421
b32768,Batch 32768,1,80,33.046875,495232.93403648876
b32768,Batch 32768,1,81,32.1953125,551748.1854134991
b32768,Batch 32768,1,82,32.890625,555122.7136375577
b32768,Batch 32768,1,83,32.9375,550113.8984276757
b32768,Batch 32768,1,84,33.34375,544175.9490715219
b32768,Batch 32768,1,85,35.109375,551828.8893424327
b32768,Batch 32768,1,86,30.953125,551620.7952541242
b32768,Batch 32768,1,87,30.578125,549615.0376907061
b32768,Batch 32768,1,88,34.2421875,543619.5021817131
b32768,Batch 32768,1,89,35.140625,551695.2964960507
b32768,Batch 32768,1,90,36.375,552125.077561329
b32768,Batch 32768,1,91,35.296875,548321.9322954578
b32768,Batch 32768,1,92,35.9921875,543896.2886354213
b32768,Batch 32768,1,93,36.3671875,551094.559243854
b32768,Batch 32768,1,94,36.5703125,550905.814350093
b32768,Batch 32768,1,95,37.4609375,550709.3892238166
b32768,Batch 32768,1,96,36.2109375,543972.3262262343
b32768,Batch 32768,1,97,35.2421875,551758.9194692412
b32768,Batch 32768,1,98,38.1875,551062.367331196
b32768,Batch 32768,1,99,37.34375,550914.4464676818
b32768,Batch 32768,1,100,33.1015625,544604.003787626
b32768,Batch 32768,1,101,36.203125,551429.6742527569
b32768,Batch 32768,1,102,36.5390625,551073.5100050074
b32768,Batch 32768,1,103,36.8046875,551089.9674293887
b32768,Batch 32768,1,104,37.515625,543942.5325087786
b32768,Batch 32768,1,105,37.9609375,551906.3057703079
b32768,Batch 32768,1,106,39.3203125,551542.2039323164
b32768,Batch 32768,1,107,37.765625,551122.3128447415
b32768,Batch 32768,1,108,42.0390625,545654.7816798505
b32768,Batch 32768,1,109,40.9453125,551696.9153489019
b32768,Batch 32768,1,110,40.0703125,550920.3272389045
b32768,Batch 32768,1,111,42.5,549920.3214523218
b32768,Batch 32768,1,112,42.59375,543853.3065145871
b32768,Batch 32768,1,113,40.5625,550703.2856741234
b32768,Batch 32768,1,114,40.15625,552102.9958552232
b32768,Batch 32768,1,115,44.0234375,550614.6670505828
b32768,Batch 32768,1,116,41.5546875,544261.2828868345
b32768,Batch 32768,1,117,42.6796875,553261.5958247787
b32768,Batch 32768,1,118,42.96875,555796.9218078927
b32768,Batch 32768,1,119,41.9765625,554400.8615061291
b32768,Batch 32768,1,120,37.59375,547916.4212037026
b32768,Batch 32768,1,121,37.6953125,552217.4024788555
b32768,Batch 32768,1,122,38.1328125,550491.8898056645
b32768,Batch 32768,1,123,38.8828125,550689.0887142075
b32768,Batch 32768,1,124,38.578125,543875.0087202102
b32768,Batch 32768,2,0,3.6015625,201003.53015576594
b32768,Batch 32768,2,1,4.0859375,434606.93573695567
b32768,Batch 32768,2,2,4.671875,588339.3131391004
b32768,Batch 32768,2,3,4.03125,568462.8601802049
b32768,Batch 32768,2,4,4.34375,553616.9354836923
b32768,Batch 32768,2,5,4.625,558260.8509610901
b32768,Batch 32768,2,6,4.3125,554891.6333768179
b32768,Batch 32768,2,7,4.3984375,550476.9276536878
b32768,Batch 32768,2,8,4.03125,544335.2731590372
b32768,Batch 32768,2,9,3.453125,551461.1302286739
b32768,Batch 32768,2,10,2.875,551424.5038417537
b32768,Batch 32768,2,11,2.5078125,550170.9310595868
b32768,Batch 32768,2,12,1.6875,542721.0677495983
b32768,Batch 32768,2,13,1.890625,551057.0756580022
b32768,Batch 32768,2,14,1.6640625,550213.4396108469
b32768,Batch 32768,2,15,2.921875,550258.8935840481
b32768,Batch 32768,2,16,3.3125,544493.9528284388
b32768,Batch 32768,2,17,3.1953125,551481.1070900602
b32768,Batch 32768,2,18,5.296875,550724.4015306408
b32768,Batch 32768,2,19,3.296875,550163.3440841503
b32768,Batch 32768,2,20,3.5703125,543429.9544651734
b32768,Batch 32768,2,21,7.265625,550655.3159544754
b32768,Batch 32768,2,22,7.03125,550312.0935659085
b32768,Batch 32768,2,23,6.5390625,548370.5487230843
b32768,Batch 32768,2,24,4.453125,543937.2647490025
b32768,Batch 32768,2,25,5.03125,550316.6349668951
b32768,Batch 32768,2,26,7.7734375,551124.7239312873
b32768,Batch 32768,2,27,8.921875,550308.4600583967
b32768,Batch 32768,2,28,11.953125,544735.7233871813
b32768,Batch 32768,2,29,13.3046875,550703.6276988179
b32768,Batch 32768,2,30,13.2734375,551850.2821675262
b32768,Batch 32768,2,31,12.875,551955.0079670035
b32768,Batch 32768,2,32,13.3125,547186.8830979791
b32768,Batch 32768,2,33,13.765625,555101.2793388648
b32768,Batch 32768,2,34,13.6796875,554266.9035331517
b32768,Batch 32768,2,35,12.8203125,551065.5578504901
b32768,Batch 32768,2,36,13.1171875,544262.4855394526
b32768,Batch 32768,2,37,13.421875,551348.4611066913
b32768,Batch 32768,2,38,12.8203125,551270.652719691
b32768,Batch 32768,2,39,12.796875,550390.5793431564
b32768,Batch 32768,2,40,13.921875,545035.2029512961
b32768,Batch 32768,2,41,15.2109375,550914.1417221628
b32768,Batch 32768,2,42,16.828125,551566.788568778
b32768,Batch 32768,2,43,17.9140625,551110.01243275
b32768,Batch 32768,2,44,18.375,544901.4632995385
b32768,Batch 32768,2,45,18.1953125,541964.2582260421
b32768,Batch 32768,2,46,18.546875,550413.4897569868
b32768,Batch 32768,2,47,20.203125,550166.5418201289
b32768,Batch 32768,2,48,21.0546875,544598.0520834656
b32768,Batch 32768,2,49,21.125,552266.1218724553
b32768,Batch 32768,2,50,21.6796875,550782.3554326672
b32768,Batch 32768,2,51,22.3203125,550652.4169898783
b32768,Batch 32768,2,52,22.578125,544751.6187468739
b32768,Batch 32768,2,53,23.109375,551513.9919611408
b32768,Batch 32768,2,54,24.4296875,551172.2803500281
b32768,Batch 32768,2,55,25.21875,549802.7296545269
b32768,Batch 32768,2,56,23.4921875,544398.33758558
b32768,Batch 32768,2,57,24.203125,551646.6046914441
b32768,Batch 32768,2,58,24.890625,551529.9976456263
b32768,Batch 32768,2,59,24.0625,549299.4734630301
b32768,Batch 32768,2,60,26.8828125,545212.8863951046
b32768,Batch 32768,2,61,27.15625,550555.2531488874
b32768,Batch 32768,2,62,28.28125,550621.9245554241
b32768,Batch 32768,2,63,29.40625,549727.338011891
b32768,Batch 32768,2,64,28.46875,544940.7717231315
b32768,Batch 32768,2,65,26.2578125,550746.2804046499
b32768,Batch 32768,2,66,24.0859375,552053.808528889
b32768,Batch 32768,2,67,24.609375,551403.9050197134
b32768,Batch 32768,2,68,25.375,544136.2877308178
b32768,Batch 32768,2,69,25.7734375,551354.561271391
b32768,Batch 32768,2,70,26.2265625,555008.7160817039
b32768,Batch 32768,2,71,25.34375,554997.572824169
b32768,Batch 32768,2,72,25.546875,547565.0586545687
b32768,Batch 32768,2,73,25.5859375,553991.2051775419
b32768,Batch 32768,2,74,25.7890625,551273.7284585513
b32768,Batch 32768,2,75,26.109375,550922.1844668672
b32768,Batch 32768,2,76,26.5390625,544225.054929571
b32768,Batch 32768,2,77,29.015625,551744.5705716908
b32768,Batch 32768,2,78,29.0234375,551811.0008520132
b32768,Batch 32768,2,79,28.8125,550555.9346255676
b32768,Batch 32768,2,80,26.71875,544856.9851199352
b32768,Batch 32768,2,81,28.375,551901.0710118574
b32768,Batch 32768,2,82,29.0,551536.0243629892
b32768,Batch 32768,2,83,27.609375,550710.1681753598
b32768,Batch 32768,2,84,26.9609375,544640.726823829
b32768,Batch 32768,2,85,27.6171875,551657.2750100209
b32768,Batch 32768,2,86,26.7578125,551683.6171196629
b32768,Batch 32768,2,87,24.8671875,550549.6249658563
b32768,Batch 32768,2,88,25.0703125,544427.4393851545
b32768,Batch 32768,2,89,28.7265625,551471.3375424832
b32768,Batch 32768,2,90,30.7890625,551041.7381130623
b32768,Batch 32768,2,91,30.328125,549336.6634217693
b32768,Batch 32768,2,92,28.640625,544882.4074312313
b32768,Batch 32768,2,93,30.046875,551484.1475589571
b32768,Batch 32768,2,94,31.5703125,552376.9907461238
b32768,Batch 32768,2,95,30.578125,550164.3835644952
b32768,Batch 32768,2,96,29.0234375,543992.3175540704
b32768,Batch 32768,2,97,28.5234375,551957.293344676
b32768,Batch 32768,2,98,29.8359375,550857.3346555292
b32768,Batch 32768,2,99,32.09375,501304.33118823613
b32768,Batch 32768,2,100,32.9921875,541312.3694185722
b32768,Batch 32768,2,101,31.640625,550429.2244131654
b32768,Batch 32768,2,102,29.1328125,550695.6464977913
b32768,Batch 32768,2,103,28.6953125,549459.4552383848
b32768,Batch 32768,2,104,29.4296875,542419.4754890813
b32768,Batch 32768,2,105,27.2734375,551269.9097713816
b32768,Batch 32768,2,106,26.765625,552028.8390030174
b32768,Batch 32768,2,107,28.1328125,550598.8269423502
b32768,Batch 32768,2,108,28.890625,547626.5891372816
b32768,Batch 32768,2,109,28.140625,555346.1234484677
b32768,Batch 32768,2,110,30.34375,554636.2848499994
b32768,Batch 32768,2,111,28.8046875,551647.4593645476
b32768,Batch 32768,2,112,28.9140625,544251.8601366612
b32768,Batch 32768,2,113,29.578125,549662.7142161169
b32768,Batch 32768,2,114,29.625,551215.2311778147
b32768,Batch 32768,2,115,29.8359375,551102.24926814
b32768,Batch 32768,2,116,29.671875,544779.9399178146
b32768,Batch 32768,2,117,31.953125,550890.5073050786
b32768,Batch 32768,2,118,30.46875,551378.1005906819
b32768,Batch 32768,2,119,31.734375,550412.1076720007
b32768,Batch 32768,2,120,29.7265625,544208.7097473887
b32768,Batch 32768,2,121,28.84375,550951.5904045887
b32768,Batch 32768,2,122,31.015625,552576.935755189
b32768,Batch 32768,2,123,31.28125,551248.2192168501
b32768,Batch 32768,2,124,33.828125,544547.7677500033
b32768,Batch 32768,3,0,3.546875,198677.27382023996
b32768,Batch 32768,3,1,4.84375,428461.1416983971
b32768,Batch 32768,3,2,4.6015625,587405.3908950437
b32768,Batch 32768,3,3,4.453125,568329.7132376399
b32768,Batch 32768,3,4,4.1875,554347.3085579824
b32768,Batch 32768,3,5,4.15625,557784.8546719942
b32768,Batch 32768,3,6,4.171875,554297.5707623163
b32768,Batch 32768,3,7,4.28125,550935.5012243837
b32768,Batch 32768,3,8,4.28125,543352.4272667584
b32768,Batch 32768,3,9,4.4921875,550742.9413033027
b32768,Batch 32768,3,10,3.5546875,551021.1678774905
b32768,Batch 32768,3,11,2.3828125,550430.4743186504
b32768,Batch 32768,3,12,1.8515625,542931.3642661906
b32768,Batch 32768,3,13,1.1171875,551249.3600842224
b32768,Batch 32768,3,14,1.34375,550971.2078871328
b32768,Batch 32768,3,15,3.6171875,549564.1610807213
b32768,Batch 32768,3,16,3.9296875,543425.4680008728
b32768,Batch 32768,3,17,3.65625,551098.432956274
b32768,Batch 32768,3,18,3.28125,550422.6156598245
b32768,Batch 32768,3,19,4.15625,550195.373775235
b32768,Batch 32768,3,20,6.328125,544057.4109712285
b32768,Batch 32768,3,21,6.2421875,551997.3004941598
b32768,Batch 32768,3,22,4.890625,550402.5853612269
b32768,Batch 32768,3,23,5.1015625,536061.0243037192
b32768,Batch 32768,3,24,4.78125,543413.0489601884
b32768,Batch 32768,3,25,5.4375,554416.1719168571
b32768,Batch 32768,3,26,4.2890625,555256.4508128485
b32768,Batch 32768,3,27,5.6171875,553638.2753743147
b32768,Batch 32768,3,28,7.3515625,546143.5852618885
b32768,Batch 32768,3,29,7.9453125,551213.9622308478
b32768,Batch 32768,3,30,5.7890625,551116.5780352933
b32768,Batch 32768,3,31,6.2265625,550041.9016819028
b32768,Batch 32768,3,32,5.84375,542969.5395047936
b32768,Batch 32768,3,33,6.3828125,551832.848717964
b32768,Batch 32768,3,34,8.90625,551270.3298907153
b32768,Batch 32768,3,35,11.0078125,548697.032730127
b32768,Batch 32768,3,36,14.65625,543400.0740324978
b32768,Batch 32768,3,37,15.4921875,551401.2061150715
b32768,Batch 32768,3,38,16.6484375,551475.5551121818
b32768,Batch 32768,3,39,18.21875,549444.8522771846
b32768,Batch 32768,3,40,18.8515625,545224.8882029554
b32768,Batch 32768,3,41,21.3359375,550883.2603828317
b32768,Batch 32768,3,42,22.6328125,551587.6497107932
b32768,Batch 32768,3,43,22.265625,549666.0182485948
b32768,Batch 32768,3,44,21.5703125,543554.1803006278
b32768,Batch 32768,3,45,21.2265625,550351.0317372486
b32768,Batch 32768,3,46,22.7265625,549901.7248116615
b32768,Batch 32768,3,47,24.90625,549524.7321438367
b32768,Batch 32768,3,48,27.421875,544050.771280573
b32768,Batch 32768,3,49,28.7890625,551216.7145709617
b32768,Batch 32768,3,50,27.671875,550124.923506176
b32768,Batch 32768,3,51,28.625,551099.8184901396
b32768,Batch 32768,3,52,26.9453125,544711.8000503117
b32768,Batch 32768,3,53,27.359375,550787.3615058699
b32768,Batch 32768,3,54,29.7578125,551291.1840925098
b32768,Batch 32768,3,55,31.65625,549311.4494895583
b32768,Batch 32768,3,56,30.4453125,544344.9596675098
b32768,Batch 32768,3,57,28.8125,551185.8766687346
b32768,Batch 32768,3,58,27.75,550948.4210820047
b32768,Batch 32768,3,59,26.2890625,549941.7778000466
b32768,Batch 32768,3,60,25.4765625,544950.7563695748
b32768,Batch 32768,3,61,27.0703125,551484.6034108957
b32768,Batch 32768,3,62,26.9140625,551509.1253726181
b32768,Batch 32768,3,63,27.4921875,554668.0875920563
b32768,Batch 32768,3,64,30.0546875,547536.1657860983
b32768,Batch 32768,3,65,30.65625,554375.5047995675
b32768,Batch 32768,3,66,28.4765625,553199.770120883
b32768,Batch 32768,3,67,27.7421875,548789.3628925844
b32768,Batch 32768,3,68,28.4375,542662.3337318455
b32768,Batch 32768,3,69,29.8984375,551110.2201606259
b32768,Batch 32768,3,70,29.2421875,551358.9849705473
b32768,Batch 32768,3,71,29.1328125,550593.1052278648
b32768,Batch 32768,3,72,27.6953125,544067.3115829369
b32768,Batch 32768,3,73,29.1875,551370.5753989718
b32768,Batch 32768,3,74,30.0390625,551720.8271999218
b32768,Batch 32768,3,75,29.2109375,551109.7450385871
b32768,Batch 32768,3,76,30.359375,544256.2481837526
b32768,Batch 32768,3,77,32.03125,550769.6552478299
b32768,Batch 32768,3,78,30.15625,552435.2552506861
b32768,Batch 32768,3,79,29.5703125,549219.1674457354
b32768,Batch 32768,3,80,29.28125,543757.1395007417
b32768,Batch 32768,3,81,29.0234375,549891.8219316693
b32768,Batch 32768,3,82,30.3515625,551181.8713105494
b32768,Batch 32768,3,83,33.4453125,550481.1697137838
b32768,Batch 32768,3,84,31.734375,544977.4126951155
b32768,Batch 32768,3,85,31.7890625,551737.8172349506
b32768,Batch 32768,3,86,35.15625,551214.5480680072
b32768,Batch 32768,3,87,37.3125,549037.2449225902
b32768,Batch 32768,3,88,35.1015625,544030.9220917365
b32768,Batch 32768,3,89,32.8984375,550912.6621653772
b32768,Batch 32768,3,90,33.0703125,551047.7740487416
b32768,Batch 32768,3,91,34.421875,548743.3451017399
b32768,Batch 32768,3,92,34.28125,544714.0819709384
b32768,Batch 32768,3,93,33.890625,551877.6354932653
b32768,Batch 32768,3,94,32.7734375,550945.291549769
b32768,Batch 32768,3,95,35.8671875,550193.1205848758
b32768,Batch 32768,3,96,32.9609375,494670.05325316277
b32768,Batch 32768,3,97,34.265625,550995.1717357466
b32768,Batch 32768,3,98,30.7890625,550536.763499907
b32768,Batch 32768,3,99,34.40625,549931.6270291612
b32768,Batch 32768,3,100,34.828125,545126.7869176174
b32768,Batch 32768,3,101,35.15625,553490.4597698312
b32768,Batch 32768,3,102,35.4375,554766.4780319803
b32768,Batch 32768,3,103,37.3828125,553757.6877958556
b32768,Batch 32768,3,104,39.59375,545930.2556633019
b32768,Batch 32768,3,105,40.0859375,551071.5744219528
b32768,Batch 32768,3,106,38.8046875,551746.3403320746
b32768,Batch 32768,3,107,41.0625,549327.0641144586
b32768,Batch 32768,3,108,41.6640625,544496.176838365
b32768,Batch 32768,3,109,39.9296875,550812.8855063298
b32768,Batch 32768,3,110,36.234375,551262.8054293045
b32768,Batch 32768,3,111,37.078125,549119.9286177013
b32768,Batch 32768,3,112,34.2890625,543705.9929547446
b32768,Batch 32768,3,113,33.8046875,550758.6572815245
b32768,Batch 32768,3,114,33.578125,550217.1886075975
b32768,Batch 32768,3,115,30.734375,549359.2226754031
b32768,Batch 32768,3,116,29.9921875,544626.359446822
b32768,Batch 32768,3,117,33.4609375,551078.521372254
b32768,Batch 32768,3,118,35.078125,551381.2173454635
b32768,Batch 32768,3,119,38.015625,550443.7673154912
b32768,Batch 32768,3,120,38.0546875,543986.5859105887
b32768,Batch 32768,3,121,36.6015625,550978.0948780279
b32768,Batch 32768,3,122,39.703125,550233.0045616721
b32768,Batch 32768,3,123,38.1796875,549475.8361683422
b32768,Batch 32768,3,124,36.9375,544766.9752103018
b32768,Batch 32768,4,0,3.4140625,197793.07169919318
b32768,Batch 32768,4,1,4.5,428728.450895548
b32768,Batch 32768,4,2,4.21875,588301.6938500731
b32768,Batch 32768,4,3,4.4375,569651.4419196391
b32768,Batch 32768,4,4,3.9375,555576.1204402155
b32768,Batch 32768,4,5,4.1640625,558611.683776671
b32768,Batch 32768,4,6,3.7109375,553863.7526623916
b32768,Batch 32768,4,7,3.203125,550576.2054687208
b32768,Batch 32768,4,8,3.3984375,544766.8089447428
b32768,Batch 32768,4,9,2.9375,550736.9694226094
b32768,Batch 32768,4,10,2.28125,552628.8872625671
b32768,Batch 32768,4,11,1.984375,554853.2999820253
b32768,Batch 32768,4,12,1.9375,547663.4765291897
b32768,Batch 32768,4,13,1.65625,556715.8644915562
b32768,Batch 32768,4,14,2.453125,552170.6349780448
b32768,Batch 32768,4,15,2.9921875,550767.5121218064
b32768,Batch 32768,4,16,4.2890625,544035.4896242293
b32768,Batch 32768,4,17,5.671875,551744.4000196629
b32768,Batch 32768,4,18,5.140625,551342.0403757382
b32768,Batch 32768,4,19,4.4375,550136.4246731373
b32768,Batch 32768,4,20,3.9921875,544327.8850835242
b32768,Batch 32768,4,21,5.03125,551915.5388674259
b32768,Batch 32768,4,22,4.3046875,551674.6021485265
b32768,Batch 32768,4,23,6.9296875,548785.5412947114
b32768,Batch 32768,4,24,6.140625,544067.9017112633
b32768,Batch 32768,4,25,5.25,551113.5615071256
b32768,Batch 32768,4,26,8.4921875,551817.718316093
b32768,Batch 32768,4,27,8.421875,550342.7963063132
b32768,Batch 32768,4,28,9.40625,544985.0409983821
b32768,Batch 32768,4,29,11.4375,550935.6359411404
b32768,Batch 32768,4,30,13.046875,552057.0859329951
b32768,Batch 32768,4,31,15.5390625,550552.5603400627
b32768,Batch 32768,4,32,17.0234375,544676.4942446885
b32768,Batch 32768,4,33,16.03125,551528.0411487354
b32768,Batch 32768,4,34,16.15625,552143.6718341559
b32768,Batch 32768,4,35,17.0078125,550644.0600238006
b32768,Batch 32768,4,36,16.8125,544714.5634003434
b32768,Batch 32768,4,37,14.265625,551510.9113275979
b32768,Batch 32768,4,38,14.6796875,551897.2436285369
b32768,Batch 32768,4,39,14.34375,550736.9694226094
b32768,Batch 32768,4,40,13.9609375,543877.2276767901
b32768,Batch 32768,4,41,15.4296875,552190.2639396751
b32768,Batch 32768,4,42,17.3046875,551801.6937124693
b32768,Batch 32768,4,43,17.6640625,550240.5758353109
b32768,Batch 32768,4,44,18.2890625,544811.2724023035
b32768,Batch 32768,4,45,18.9921875,551307.234344796
b32768,Batch 32768,4,46,20.1015625,551540.5328674953
b32768,Batch 32768,4,47,19.59375,551525.3786532058
b32768,Batch 32768,4,48,17.8671875,545849.1084999691
b32768,Batch 32768,4,49,19.21875,555573.8431757111
b32768,Batch 32768,4,50,20.671875,555666.2827739727
b32768,Batch 32768,4,51,21.0703125,554343.4113966847
b32768,Batch 32768,4,52,20.7109375,547011.4465205773
b32768,Batch 32768,4,53,20.9921875,552202.401849635
b32768,Batch 32768,4,54,20.8984375,551804.2259500055
b32768,Batch 32768,4,55,21.1484375,550694.3578765742
b32768,Batch 32768,4,56,21.984375,544967.7598480408
b32768,Batch 32768,4,57,22.3359375,551068.8964459001
b32768,Batch 32768,4,58,21.703125,551214.9305208623
b32768,Batch 32768,4,59,21.9140625,550151.2934462016
b32768,Batch 32768,4,60,21.8671875,545304.3267152904
b32768,Batch 32768,4,61,21.6953125,551561.8059466946
b32768,Batch 32768,4,62,22.125,551911.1594242299
b32768,Batch 32768,4,63,22.203125,550648.7789869319
b32768,Batch 32768,4,64,21.21875,544484.4098533809
b32768,Batch 32768,4,65,23.25,551951.448046855
b32768,Batch 32768,4,66,23.3359375,552864.524669597
b32768,Batch 32768,4,67,21.96875,550566.1459506685
b32768,Batch 32768,4,68,22.6640625,543194.7985761516
b32768,Batch 32768,4,69,23.671875,551516.3511477414
b32768,Batch 32768,4,70,23.2109375,552179.8369892766
b32768,Batch 32768,4,71,22.3671875,550580.2792259663
b32768,Batch 32768,4,72,22.421875,545172.517999517
b32768,Batch 32768,4,73,22.375,551900.8804171066
b32768,Batch 32768,4,74,22.015625,552867.5626200998
b32768,Batch 32768,4,75,22.1328125,549909.9272449303
b32768,Batch 32768,4,76,21.46875,544543.5799655518
b32768,Batch 32768,4,77,21.6875,551628.592961103
b32768,Batch 32768,4,78,22.5546875,551956.7768609668
b32768,Batch 32768,4,79,22.0234375,550867.3496191227
b32768,Batch 32768,4,80,23.4296875,544360.7028656405
b32768,Batch 32768,4,81,23.0,551286.5116058326
b32768,Batch 32768,4,82,23.6953125,552383.1691939541
b32768,Batch 32768,4,83,23.53125,550949.8434076299
b32768,Batch 32768,4,84,22.4765625,543933.8053480459
b32768,Batch 32768,4,85,22.1640625,552231.7160709549
b32768,Batch 32768,4,86,23.203125,551015.4550548117
b32768,Batch 32768,4,87,23.8828125,555278.0720837715
b32768,Batch 32768,4,88,23.2890625,547723.2086788072
b32768,Batch 32768,4,89,22.3359375,555952.1159294548
b32768,Batch 32768,4,90,23.53125,554707.9692837809
b32768,Batch 32768,4,91,23.6484375,549279.5204331239
b32768,Batch 32768,4,92,23.2578125,544877.0998498893
b32768,Batch 32768,4,93,23.640625,551612.5417033735
b32768,Batch 32768,4,94,25.046875,553238.8686014755
b32768,Batch 32768,4,95,25.0390625,550513.5583661691
b32768,Batch 32768,4,96,24.3359375,545551.7268149568
b32768,Batch 32768,4,97,24.0703125,506243.8380835855
b32768,Batch 32768,4,98,24.15625,551435.756302346
b32768,Batch 32768,4,99,25.921875,550262.6211694505
b32768,Batch 32768,4,100,23.109375,544583.7063783901
b32768,Batch 32768,4,101,24.375,550844.1740103865
b32768,Batch 32768,4,102,27.4375,550473.5190602567
b32768,Batch 32768,4,103,28.6484375,550654.4621466628
b32768,Batch 32768,4,104,27.2578125,544168.7506118184
b32768,Batch 32768,4,105,27.640625,549981.7001719679
b32768,Batch 32768,4,106,27.2109375,550975.1350853471
b32768,Batch 32768,4,107,26.8515625,551432.1455531958
b32768,Batch 32768,4,108,26.6640625,544708.443049516
b32768,Batch 32768,4,109,26.21875,550904.2972982809
b32768,Batch 32768,4,110,26.234375,551363.6033882065
b32768,Batch 32768,4,111,26.1328125,549808.6043109515
b32768,Batch 32768,4,112,25.4921875,543926.9082045314
b32768,Batch 32768,4,113,25.3046875,551097.3700554313
b32768,Batch 32768,4,114,24.5546875,552458.0497368457
b32768,Batch 32768,4,115,25.3984375,550102.398202554
b32768,Batch 32768,4,116,26.28125,544278.1873251955
b32768,Batch 32768,4,117,26.6484375,552027.1627708505
b32768,Batch 32768,4,118,26.03125,552599.5686321205
b32768,Batch 32768,4,119,25.6484375,549713.3056575002
b32768,Batch 32768,4,120,26.9375,544778.4758509821
b32768,Batch 32768,4,121,25.8515625,552364.5188280632
b32768,Batch 32768,4,122,25.671875,552143.2526007968
b32768,Batch 32768,4,123,26.7421875,549985.4262036149
b32768,Batch 32768,4,124,27.828125,547192.1028812755
b16384,Batch 16384,0,0,3.46875,200488.21392089603
b16384,Batch 16384,0,1,4.40625,377955.7683994155
b16384,Batch 16384,0,2,4.265625,773714.479967896
b16384,Batch 16384,0,3,4.1875,759454.7950099638
b16384,Batch 16384,0,4,3.8125,748201.2776711984
b16384,Batch 16384,0,5,3.6640625,754943.6066838659
b16384,Batch 16384,0,6,3.6328125,747995.6783545763
b16384,Batch 16384,0,7,3.375,745167.7246684921
b16384,Batch 16384,0,8,3.140625,734013.3736610102
b16384,Batch 16384,0,9,2.8203125,741311.6201880411
b16384,Batch 16384,0,10,1.9375,738834.6471490985
b16384,Batch 16384,0,11,1.4140625,737533.0540613967
b16384,Batch 16384,0,12,1.203125,725523.1275745373
b16384,Batch 16384,0,13,1.0859375,738930.0535657399
b16384,Batch 16384,0,14,2.9296875,738155.6255623585
b16384,Batch 16384,0,15,4.9375,735685.8641975325
b16384,Batch 16384,0,16,4.453125,727847.0985383629
b16384,Batch 16384,0,17,3.4296875,738096.404974842
b16384,Batch 16384,0,18,3.28125,739307.6824211892
b16384,Batch 16384,0,19,3.359375,736884.175267713
b16384,Batch 16384,0,20,4.2890625,725824.8382794865
b16384,Batch 16384,0,21,3.578125,740390.3598480234
b16384,Batch 16384,0,22,5.2890625,738651.7246775762
b16384,Batch 16384,0,23,6.8671875,733848.9109986881
b16384,Batch 16384,0,24,4.1328125,724945.950774698
b16384,Batch 16384,0,25,5.0625,739915.6995306948
b16384,Batch 16384,0,26,6.6484375,738130.2537743252
b16384,Batch 16384,0,27,8.125,736426.372683706
b16384,Batch 16384,0,28,8.6328125,727828.8863800678
b16384,Batch 16384,0,29,8.4140625,739028.1113345939
b16384,Batch 16384,0,30,7.9609375,738514.6329293448
b16384,Batch 16384,0,31,9.421875,737439.2662818335
b16384,Batch 16384,0,32,11.5,726255.4738911177
b16384,Batch 16384,0,33,12.6953125,738996.1629170956
b16384,Batch 16384,0,34,14.1640625,739171.6430774336
b16384,Batch 16384,0,35,16.1015625,737226.4604799919
b16384,Batch 16384,0,36,17.8828125,725895.6354722525
b16384,Batch 16384,0,37,18.4296875,739446.162830556
b16384,Batch 16384,0,38,20.9453125,740792.9044952749
b16384,Batch 16384,0,39,22.6015625,737981.1702971314
b16384,Batch 16384,0,40,22.296875,728625.4525249667
b16384,Batch 16384,0,41,23.65625,741069.4172083064
b16384,Batch 16384,0,42,23.53125,741143.3955574974
b16384,Batch 16384,0,43,24.7265625,737867.8057133104
b16384,Batch 16384,0,44,26.4609375,726450.2846626947
b16384,Batch 16384,0,45,26.21875,738340.8250391933
b16384,Batch 16384,0,46,26.515625,739520.1914708976
b16384,Batch 16384,0,47,26.625,737771.3149816331
b16384,Batch 16384,0,48,25.8046875,728442.271962601
b16384,Batch 16384,0,49,26.859375,740168.6526322642
b16384,Batch 16384,0,50,28.5078125,739168.53830363
b16384,Batch 16384,0,51,28.4921875,737704.367361194
b16384,Batch 16384,0,52,27.7265625,727873.2254227992
b16384,Batch 16384,0,53,28.4375,739875.7003234688
b16384,Batch 16384,0,54,29.03125,739768.1517094319
b16384,Batch 16384,0,55,27.3984375,741567.0732561402
b16384,Batch 16384,0,56,29.03125,733809.5023287844
b16384,Batch 16384,0,57,29.8515625,747208.1742065188
b16384,Batch 16384,0,58,27.8515625,747593.4028056909
b16384,Batch 16384,0,59,27.703125,742753.6703438045
b16384,Batch 16384,0,60,28.4921875,729121.4180331232
b16384,Batch 16384,0,61,29.03125,740739.2643418958
b16384,Batch 16384,0,62,30.171875,738965.4449728504
b16384,Batch 16384,0,63,31.3203125,737678.3851684981
b16384,Batch 16384,0,64,30.4140625,726468.6237297571
b16384,Batch 16384,0,65,30.046875,740050.7138474558
b16384,Batch 16384,0,66,29.125,741174.4307391623
b16384,Batch 16384,0,67,30.359375,738104.4754454981
b16384,Batch 16384,0,68,30.3125,724709.6944353572
b16384,Batch 16384,0,69,29.75,738438.6590281669
b16384,Batch 16384,0,70,29.65625,739755.3583489921
b16384,Batch 16384,0,71,29.3671875,737983.4488017211
b16384,Batch 16384,0,72,30.0859375,728072.2182366474
b16384,Batch 16384,0,73,33.125,740607.0876023666
b16384,Batch 16384,0,74,31.125,739179.2918248122
b16384,Batch 16384,0,75,31.6328125,737930.4920666874
b16384,Batch 16384,0,76,31.78125,727787.6358392155
b16384,Batch 16384,0,77,33.21875,740806.7280251626
b16384,Batch 16384,0,78,35.4453125,739027.2569566363
b16384,Batch 16384,0,79,35.1015625,737842.5566958935
b16384,Batch 16384,0,80,33.8125,729047.8284478836
b16384,Batch 16384,0,81,35.265625,738174.8973937674
b16384,Batch 16384,0,82,31.234375,739524.2581838312
b16384,Batch 16384,0,83,33.34375,738323.0398263097
b16384,Batch 16384,0,84,34.4921875,727416.8569247952
b16384,Batch 16384,0,85,33.53125,741504.2476232151
b16384,Batch 16384,0,86,33.25,741075.974437537
b16384,Batch 16384,0,87,30.6875,738923.7765933402
b16384,Batch 16384,0,88,31.2109375,726720.8145054156
b16384,Batch 16384,0,89,30.4765625,740587.6167354462
b16384,Batch 16384,0,90,31.0078125,740231.5950022073
b16384,Batch 16384,0,91,33.0546875,733811.4848074078
b16384,Batch 16384,0,92,35.390625,726260.0254106283
b16384,Batch 16384,0,93,34.9765625,739735.6256671981
b16384,Batch 16384,0,94,32.265625,741866.4523557365
b16384,Batch 16384,0,95,34.15625,738827.7244096772
b16384,Batch 16384,0,96,35.7265625,726245.024033086
b16384,Batch 16384,0,97,37.859375,740172.2840151647
b16384,Batch 16384,0,98,37.0,741215.83767681
b16384,Batch 16384,0,99,35.765625,739867.2166818847
b16384,Batch 16384,0,100,38.0859375,727406.6392588301
b16384,Batch 16384,0,101,37.84375,739522.5829473521
b16384,Batch 16384,0,102,36.578125,740895.6749330406
b16384,Batch 16384,0,103,36.5703125,739030.4320735283
b16384,Batch 16384,0,104,37.625,726381.5559579248
b16384,Batch 16384,0,105,38.1796875,740936.1280214975
b16384,Batch 16384,0,106,39.484375,744082.8113737281
b16384,Batch 16384,0,107,39.203125,652537.118064776
b16384,Batch 16384,0,108,37.9375,730996.2878838693
b16384,Batch 16384,0,109,40.3125,745749.7959346278
b16384,Batch 16384,0,110,40.2265625,745649.6389949172
b16384,Batch 16384,0,111,39.421875,739798.1121224681
b16384,Batch 16384,0,112,38.90625,725280.3174995758
b16384,Batch 16384,0,113,39.4140625,738896.953669819
b16384,Batch 16384,0,114,37.328125,737907.9605181658
b16384,Batch 16384,0,115,37.3203125,736641.294951507
b16384,Batch 16384,0,116,37.9375,724166.6770395832
b16384,Batch 16384,0,117,40.9609375,739664.4279466616
b16384,Batch 16384,0,118,42.234375,739198.5893160949
b16384,Batch 16384,0,119,38.3984375,737256.8244101629
b16384,Batch 16384,0,120,38.984375,725623.9802474187
b16384,Batch 16384,0,121,42.03125,739831.6034416427
b16384,Batch 16384,0,122,41.7265625,739404.8141451714
b16384,Batch 16384,0,123,41.40625,737567.3895189803
b16384,Batch 16384,0,124,43.6015625,726982.5284096875
b16384,Batch 16384,1,0,2.9765625,202852.64571839775
b16384,Batch 16384,1,1,4.0703125,383005.8120710657
b16384,Batch 16384,1,2,3.9921875,773517.916494717
b16384,Batch 16384,1,3,4.3125,759133.9227436715
b16384,Batch 16384,1,4,3.578125,742164.7026566081
b16384,Batch 16384,1,5,3.609375,748671.7374528546
b16384,Batch 16384,1,6,3.5546875,745469.1210252787
b16384,Batch 16384,1,7,3.3515625,738992.2728693396
b16384,Batch 16384,1,8,2.8046875,727470.6949823311
b16384,Batch 16384,1,9,2.765625,740692.0147408965
b16384,Batch 16384,1,10,2.21875,741233.626612906
b16384,Batch 16384,1,11,2.1640625,737492.0892156296
b16384,Batch 16384,1,12,1.7265625,727225.5216110277
b16384,Batch 16384,1,13,1.5,740066.8688246363
b16384,Batch 16384,1,14,1.765625,740314.6854343183
b16384,Batch 16384,1,15,4.109375,739314.5465499603
b16384,Batch 16384,1,16,3.40625,728825.6569414525
b16384,Batch 16384,1,17,3.6015625,740540.1071687803
b16384,Batch 16384,1,18,3.53125,740412.1856676777
b16384,Batch 16384,1,19,4.2109375,739538.3368368583
b16384,Batch 16384,1,20,4.15625,728975.8505710331
b16384,Batch 16384,1,21,4.359375,741209.4178794383
b16384,Batch 16384,1,22,4.421875,740400.7381200803
b16384,Batch 16384,1,23,5.3828125,734405.9118672638
b16384,Batch 16384,1,24,7.40625,727137.1143756557
b16384,Batch 16384,1,25,10.3125,740573.9769634046
b16384,Batch 16384,1,26,10.28125,740955.3415903724
b16384,Batch 16384,1,27,10.15625,738966.299207894
b16384,Batch 16384,1,28,9.453125,728331.9848101774
b16384,Batch 16384,1,29,11.5703125,741202.2427082529
b16384,Batch 16384,1,30,13.8828125,740235.223015898
b16384,Batch 16384,1,31,14.28125,738731.8004316755
b16384,Batch 16384,1,32,14.2421875,729101.5794452986
b16384,Batch 16384,1,33,15.7890625,740306.9413945961
b16384,Batch 16384,1,34,18.890625,740418.2486237282
b16384,Batch 16384,1,35,20.6328125,739652.4581705699
b16384,Batch 16384,1,36,21.8046875,728301.4175946054
b16384,Batch 16384,1,37,22.1328125,740614.047717926
b16384,Batch 16384,1,38,21.53125,740700.7248849762
b16384,Batch 16384,1,39,20.34375,737864.3672453221
b16384,Batch 16384,1,40,21.5390625,728395.1497459655
b16384,Batch 16384,1,41,23.34375,741842.9630633986
b16384,Batch 16384,1,42,24.8515625,746451.9972557687
b16384,Batch 16384,1,43,23.8671875,746490.5820729682
b16384,Batch 16384,1,44,23.4296875,735643.6828309557
b16384,Batch 16384,1,45,23.53125,746566.7985028353
b16384,Batch 16384,1,46,26.1875,748429.7108578477
b16384,Batch 16384,1,47,26.7578125,740744.2746860218
b16384,Batch 16384,1,48,24.890625,728657.9051000997
b16384,Batch 16384,1,49,23.96875,741554.66572035
b16384,Batch 16384,1,50,25.4765625,740728.8406479211
b16384,Batch 16384,1,51,25.453125,737979.8071637207
b16384,Batch 16384,1,52,26.640625,729468.0615761927
b16384,Batch 16384,1,53,24.515625,740082.5462824354
b16384,Batch 16384,1,54,22.8046875,742458.4680728705
b16384,Batch 16384,1,55,22.5078125,739581.2406394355
b16384,Batch 16384,1,56,23.1640625,727200.9995110986
b16384,Batch 16384,1,57,22.7578125,743144.0544351542
b16384,Batch 16384,1,58,23.84375,741979.058237421
b16384,Batch 16384,1,59,23.59375,738261.9562874689
b16384,Batch 16384,1,60,21.875,728943.0333152309
b16384,Batch 16384,1,61,24.734375,740865.5576655675
b16384,Batch 16384,1,62,25.515625,741961.1293624046
b16384,Batch 16384,1,63,25.9375,737751.3791128155
b16384,Batch 16384,1,64,26.03125,728035.143685112
b16384,Batch 16384,1,65,28.5,742636.9769698544
b16384,Batch 16384,1,66,28.53125,741508.9242713678
b16384,Batch 16384,1,67,29.625,738285.0170903485
b16384,Batch 16384,1,68,30.328125,727367.6153445845
b16384,Batch 16384,1,69,31.609375,739054.6695656787
b16384,Batch 16384,1,70,30.21875,740427.1916651485
b16384,Batch 16384,1,71,30.625,738686.1008519517
b16384,Batch 16384,1,72,28.65625,728524.4319239251
b16384,Batch 16384,1,73,27.03125,742261.9291740739
b16384,Batch 16384,1,74,26.2421875,740453.7109278056
b16384,Batch 16384,1,75,26.7890625,738528.3715620413
b16384,Batch 16384,1,76,24.8515625,730849.4034944035
b16384,Batch 16384,1,77,25.5625,741939.2802180839
b16384,Batch 16384,1,78,26.9921875,741718.6099247681
b16384,Batch 16384,1,79,27.109375,739675.6059257573
b16384,Batch 16384,1,80,28.640625,728336.0992298084
b16384,Batch 16384,1,81,30.359375,740767.4908304936
b16384,Batch 16384,1,82,30.3125,741210.9288802699
b16384,Batch 16384,1,83,29.8046875,738882.2797487458
b16384,Batch 16384,1,84,28.9921875,728577.7118174795
b16384,Batch 16384,1,85,30.9453125,740943.0903285295
b16384,Batch 16384,1,86,30.03125,742092.5517729719
b16384,Batch 16384,1,87,28.453125,739967.9894215645
b16384,Batch 16384,1,88,31.71875,729179.4005505474
b16384,Batch 16384,1,89,34.6875,739202.3423856961
b16384,Batch 16384,1,90,33.953125,741601.169109907
b16384,Batch 16384,1,91,34.515625,739166.3876369393
b16384,Batch 16384,1,92,33.8203125,727608.6819983588
b16384,Batch 16384,1,93,35.296875,743841.5601948733
b16384,Batch 16384,1,94,36.0,750093.0472405147
b16384,Batch 16384,1,95,30.78125,747814.6534885674
b16384,Batch 16384,1,96,29.9609375,736847.8649552594
b16384,Batch 16384,1,97,31.484375,748714.0923964351
b16384,Batch 16384,1,98,30.6328125,745022.0650882013
b16384,Batch 16384,1,99,30.2421875,738232.6673772963
b16384,Batch 16384,1,100,32.9375,728219.2461885771
b16384,Batch 16384,1,101,32.53125,742018.7964553518
b16384,Batch 16384,1,102,34.421875,742053.9715339795
b16384,Batch 16384,1,103,33.9375,738056.0275248449
b16384,Batch 16384,1,104,36.7734375,727766.9487365774
b16384,Batch 16384,1,105,35.5390625,740543.1237213222
b16384,Batch 16384,1,106,31.484375,741612.6177930086
b16384,Batch 16384,1,107,35.6796875,739759.1887453911
b16384,Batch 16384,1,108,35.7734375,728539.4272091839
b16384,Batch 16384,1,109,35.453125,740951.7744221133
b16384,Batch 16384,1,110,35.9921875,741456.8643826658
b16384,Batch 16384,1,111,37.0625,740025.9965832442
b16384,Batch 16384,1,112,36.625,639935.0607728987
b16384,Batch 16384,1,113,37.3984375,738091.9139691257
b16384,Batch 16384,1,114,39.3671875,738620.5232982459
b16384,Batch 16384,1,115,42.3515625,735112.5692856495
b16384,Batch 16384,1,116,42.3984375,727063.4978419424
b16384,Batch 16384,1,117,40.84375,740043.9356618004
b16384,Batch 16384,1,118,39.515625,740878.6610318851
b16384,Batch 16384,1,119,41.234375,737252.5769477698
b16384,Batch 16384,1,120,39.7421875,728025.0436165488
b16384,Batch 16384,1,121,39.359375,740468.2398852408
b16384,Batch 16384,1,122,38.734375,740180.3999459315
b16384,Batch 16384,1,123,38.96875,737487.498713653
b16384,Batch 16384,1,124,38.28125,727657.2280994538
b16384,Batch 16384,2,0,3.6015625,190918.42806776526
b16384,Batch 16384,2,1,4.046875,377684.19838182855
b16384,Batch 16384,2,2,4.3828125,773153.4847025322
b16384,Batch 16384,2,3,4.234375,760617.0725210955
b16384,Batch 16384,2,4,4.5703125,739478.4923377899
b16384,Batch 16384,2,5,3.8828125,747770.8583044446
b16384,Batch 16384,2,6,4.4921875,743365.4773489287
b16384,Batch 16384,2,7,4.2890625,739674.4077002931
b16384,Batch 16384,2,8,3.84375,726493.7953764745
b16384,Batch 16384,2,9,2.84375,736674.6708394159
b16384,Batch 16384,2,10,2.3125,738705.2653999735
b16384,Batch 16384,2,11,2.3515625,736602.027963789
b16384,Batch 16384,2,12,1.5390625,726706.8200198932
b16384,Batch 16384,2,13,1.6171875,744796.8169274617
b16384,Batch 16384,2,14,2.0078125,745529.5589668169
b16384,Batch 16384,2,15,3.5078125,743309.2168037707
b16384,Batch 16384,2,16,3.625,733026.8574626796
b16384,Batch 16384,2,17,4.640625,744148.8024356895
b16384,Batch 16384,2,18,5.65625,739672.357589316
b16384,Batch 16384,2,19,4.84375,737085.6833074698
b16384,Batch 16384,2,20,4.5390625,725710.3721709158
b16384,Batch 16384,2,21,4.875,739969.6666766073
b16384,Batch 16384,2,22,5.1171875,739487.0028762249
b16384,Batch 16384,2,23,4.1171875,733487.3978417962
b16384,Batch 16384,2,24,4.6796875,725316.0555372358
b16384,Batch 16384,2,25,8.203125,739250.9806848879
b16384,Batch 16384,2,26,10.7890625,738084.6920074631
b16384,Batch 16384,2,27,13.328125,737877.4716244787
b16384,Batch 16384,2,28,13.453125,726836.3606909963
b16384,Batch 16384,2,29,7.2578125,738831.7477645332
b16384,Batch 16384,2,30,5.890625,739451.3585956532
b16384,Batch 16384,2,31,5.5703125,738482.6257233393
b16384,Batch 16384,2,32,10.8359375,725882.0024505359
b16384,Batch 16384,2,33,15.34375,739667.1945446417
b16384,Batch 16384,2,34,16.203125,739121.3139741016
b16384,Batch 16384,2,35,16.5546875,738234.8760592018
b16384,Batch 16384,2,36,17.4609375,727639.2912516978
b16384,Batch 16384,2,37,18.0625,739079.8307100666
b16384,Batch 16384,2,38,19.46875,738047.1773400607
b16384,Batch 16384,2,39,18.828125,737342.4801478924
b16384,Batch 16384,2,40,20.6484375,728072.414938918
b16384,Batch 16384,2,41,20.5859375,739013.9090477623
b16384,Batch 16384,2,42,20.6640625,740760.3242127387
b16384,Batch 16384,2,43,22.5390625,737878.8660719098
b16384,Batch 16384,2,44,22.390625,726976.6142790973
b16384,Batch 16384,2,45,23.515625,739103.4911408382
b16384,Batch 16384,2,46,21.609375,738399.6365739517
b16384,Batch 16384,2,47,21.109375,738771.0287595527
b16384,Batch 16384,2,48,22.2109375,726639.4911014746
b16384,Batch 16384,2,49,21.8046875,739434.681483019
b16384,Batch 16384,2,50,23.6796875,739248.1456275719
b16384,Batch 16384,2,51,23.265625,737043.5428519971
b16384,Batch 16384,2,52,22.96875,725589.9854473331
b16384,Batch 16384,2,53,22.3125,738260.5960821817
b16384,Batch 16384,2,54,22.9765625,740365.4523844587
b16384,Batch 16384,2,55,23.75,736882.8517411939
b16384,Batch 16384,2,56,23.375,726584.8157070774
b16384,Batch 16384,2,57,25.4453125,740713.958149429
b16384,Batch 16384,2,58,24.5859375,741306.878055514
b16384,Batch 16384,2,59,24.3984375,738223.4362609626
b16384,Batch 16384,2,60,24.3984375,726248.6812573096
b16384,Batch 16384,2,61,23.7578125,740268.5824745141
b16384,Batch 16384,2,62,25.03125,739562.7787789239
b16384,Batch 16384,2,63,24.71875,739347.9940995665
b16384,Batch 16384,2,64,24.15625,733181.2675070099
b16384,Batch 16384,2,65,23.8125,745654.987031315
b16384,Batch 16384,2,66,24.3125,746508.0371647598
b16384,Batch 16384,2,67,26.7890625,744443.7941874346
b16384,Batch 16384,2,68,28.4453125,731785.7165383335
b16384,Batch 16384,2,69,27.296875,736699.0265250119
b16384,Batch 16384,2,70,27.078125,738562.5616261638
b16384,Batch 16384,2,71,27.40625,737194.0863796799
b16384,Batch 16384,2,72,27.9453125,726880.8402958813
b16384,Batch 16384,2,73,26.8984375,738554.9256367758
b16384,Batch 16384,2,74,27.703125,739844.8454952491
b16384,Batch 16384,2,75,27.5546875,737897.2043383274
b16384,Batch 16384,2,76,28.71875,725707.6055327558
b16384,Batch 16384,2,77,29.765625,739905.2990021049
b16384,Batch 16384,2,78,29.21875,739116.4646792192
b16384,Batch 16384,2,79,29.2890625,737839.6967812222
b16384,Batch 16384,2,80,28.5078125,726085.7767097328
b16384,Batch 16384,2,81,28.328125,738885.4893709084
b16384,Batch 16384,2,82,28.203125,740486.8826254054
b16384,Batch 16384,2,83,29.1328125,738853.2434689424
b16384,Batch 16384,2,84,27.7109375,727517.1739189628
b16384,Batch 16384,2,85,28.21875,737596.9740089864
b16384,Batch 16384,2,86,28.6328125,739199.0663990994
b16384,Batch 16384,2,87,29.6171875,737676.0372793521
b16384,Batch 16384,2,88,30.0703125,726166.4467430392
b16384,Batch 16384,2,89,29.359375,738698.2378865399
b16384,Batch 16384,2,90,29.2890625,738424.7531361007
b16384,Batch 16384,2,91,33.7890625,734261.7652119545
b16384,Batch 16384,2,92,31.734375,726856.733527189
b16384,Batch 16384,2,93,30.03125,739249.5452604436
b16384,Batch 16384,2,94,30.8359375,739870.331310794
b16384,Batch 16384,2,95,31.96875,738142.0712604688
b16384,Batch 16384,2,96,31.0390625,727208.0369883343
b16384,Batch 16384,2,97,31.59375,739358.1085027045
b16384,Batch 16384,2,98,32.625,739518.9261035897
b16384,Batch 16384,2,99,32.453125,737822.6843121297
b16384,Batch 16384,2,100,32.15625,727360.5401340905
b16384,Batch 16384,2,101,35.234375,740142.7676046565
b16384,Batch 16384,2,102,34.4375,739164.916763045
b16384,Batch 16384,2,103,33.6796875,646781.8942608964
b16384,Batch 16384,2,104,32.1015625,721826.6455616897
b16384,Batch 16384,2,105,33.4609375,738655.3054624948
b16384,Batch 16384,2,106,34.5234375,738839.8700704931
b16384,Batch 16384,2,107,36.2265625,737307.683070643
b16384,Batch 16384,2,108,37.0234375,725869.5583563985
b16384,Batch 16384,2,109,33.3359375,739358.311350427
b16384,Batch 16384,2,110,35.6875,739293.6085719725
b16384,Batch 16384,2,111,35.8671875,735472.8450109641
b16384,Batch 16384,2,112,33.046875,726545.5880220224
b16384,Batch 16384,2,113,33.078125,739113.5630823817
b16384,Batch 16384,2,114,35.265625,738119.7329225739
b16384,Batch 16384,2,115,36.1484375,743657.3575232095
b16384,Batch 16384,2,116,38.828125,732843.6027006601
b16384,Batch 16384,2,117,37.3046875,746913.8131414356
b16384,Batch 16384,2,118,34.8984375,747245.7890565945
b16384,Batch 16384,2,119,35.9140625,742596.3379499108
b16384,Batch 16384,2,120,38.78125,726335.160589625
b16384,Batch 16384,2,121,35.8125,740524.585878246
b16384,Batch 16384,2,122,36.46875,739813.8140364022
b16384,Batch 16384,2,123,33.9453125,737561.9154214504
b16384,Batch 16384,2,124,32.3359375,726183.2213634712
b16384,Batch 16384,3,0,3.546875,202924.26796989687
b16384,Batch 16384,3,1,4.0625,381409.42755043064
b16384,Batch 16384,3,2,4.0,784049.455003325
b16384,Batch 16384,3,3,4.4375,771079.5820891885
b16384,Batch 16384,3,4,4.1953125,748303.9465645934
b16384,Batch 16384,3,5,4.0078125,749988.0574624445
b16384,Batch 16384,3,6,4.171875,745514.9358550952
b16384,Batch 16384,3,7,4.5390625,739964.0532804449
b16384,Batch 16384,3,8,3.859375,728469.0362048051
b16384,Batch 16384,3,9,3.2109375,742393.8391386131
b16384,Batch 16384,3,10,2.6953125,740360.8260425498
b16384,Batch 16384,3,11,1.828125,738991.895389868
b16384,Batch 16384,3,12,1.8359375,727435.972507792
b16384,Batch 16384,3,13,1.1796875,741771.0108360109
b16384,Batch 16384,3,14,1.7109375,740968.3163061267
b16384,Batch 16384,3,15,3.40625,738291.7630936912
b16384,Batch 16384,3,16,3.265625,728421.7136343515
b16384,Batch 16384,3,17,3.296875,741014.1948377627
b16384,Batch 16384,3,18,5.1953125,741391.5898366091
b16384,Batch 16384,3,19,5.1875,739828.1147870147
b16384,Batch 16384,3,20,5.515625,728132.9155727217
b16384,Batch 16384,3,21,6.0,740866.9953789471
b16384,Batch 16384,3,22,5.6640625,740568.7654102008
b16384,Batch 16384,3,23,6.5,737436.4094926495
b16384,Batch 16384,3,24,5.296875,728332.8493747974
b16384,Batch 16384,3,25,5.328125,741188.0966356146
b16384,Batch 16384,3,26,5.75,740490.1381199188
b16384,Batch 16384,3,27,7.5078125,739344.8520487548
b16384,Batch 16384,3,28,6.09375,728948.0477305705
b16384,Batch 16384,3,29,7.375,741728.132809549
b16384,Batch 16384,3,30,7.7109375,740771.5033984822
b16384,Batch 16384,3,31,9.0625,740805.1507910287
b16384,Batch 16384,3,32,10.46875,730553.2099537357
b16384,Batch 16384,3,33,9.2734375,741442.9125825677
b16384,Batch 16384,3,34,6.0625,741014.5384288327
b16384,Batch 16384,3,35,4.9765625,740654.402204356
b16384,Batch 16384,3,36,10.109375,728733.5411328465
b16384,Batch 16384,3,37,13.1171875,738738.8921156406
b16384,Batch 16384,3,38,14.78125,739844.0927763374
b16384,Batch 16384,3,39,17.1328125,741077.209175585
b16384,Batch 16384,3,40,19.375,728990.593780355
b16384,Batch 16384,3,41,19.5859375,740612.403458641
b16384,Batch 16384,3,42,20.125,740419.0703214649
b16384,Batch 16384,3,43,19.3125,738284.2358151522
b16384,Batch 16384,3,44,19.4453125,727211.5730931002
b16384,Batch 16384,3,45,19.6015625,740012.8914845535
b16384,Batch 16384,3,46,19.875,741985.4553223504
b16384,Batch 16384,3,47,19.484375,740882.127650704
b16384,Batch 16384,3,48,18.9375,729041.7453150396
b16384,Batch 16384,3,49,20.0,742650.0387368108
b16384,Batch 16384,3,50,20.7734375,742565.5607043458
b16384,Batch 16384,3,51,20.9921875,747961.6880483171
b16384,Batch 16384,3,52,20.234375,736492.8833100343
b16384,Batch 16384,3,53,19.234375,749246.3498071512
b16384,Batch 16384,3,54,19.890625,748859.7345287283
b16384,Batch 16384,3,55,20.3125,746937.868219831
b16384,Batch 16384,3,56,20.4140625,728691.0250816046
b16384,Batch 16384,3,57,19.53125,741976.6147963982
b16384,Batch 16384,3,58,21.0078125,742199.2302443262
b16384,Batch 16384,3,59,22.328125,738887.1935009387
b16384,Batch 16384,3,60,23.328125,731063.5555824423
b16384,Batch 16384,3,61,23.859375,741982.4310135988
b16384,Batch 16384,3,62,24.203125,741512.3247796919
b16384,Batch 16384,3,63,23.078125,739940.8157622118
b16384,Batch 16384,3,64,22.4765625,728585.239447222
b16384,Batch 16384,3,65,23.46875,742321.543464594
b16384,Batch 16384,3,66,23.7890625,742664.7944714107
b16384,Batch 16384,3,67,25.25,738900.123694672
b16384,Batch 16384,3,68,26.2578125,729696.2811587901
b16384,Batch 16384,3,69,24.34375,740858.1455429065
b16384,Batch 16384,3,70,24.25,742328.708247473
b16384,Batch 16384,3,71,25.515625,738795.7933150352
b16384,Batch 16384,3,72,24.8671875,728336.2960746895
b16384,Batch 16384,3,73,25.2265625,742870.8541238357
b16384,Batch 16384,3,74,25.96875,740859.9985596675
b16384,Batch 16384,3,75,26.3359375,740016.1069522668
b16384,Batch 16384,3,76,25.1015625,727971.8445211278
b16384,Batch 16384,3,77,25.5,742115.4758399779
b16384,Batch 16384,3,78,24.9765625,741183.9396556057
b16384,Batch 16384,3,79,27.0234375,739842.6550476465
b16384,Batch 16384,3,80,27.4921875,727871.8993746297
b16384,Batch 16384,3,81,25.9453125,742407.7866464962
b16384,Batch 16384,3,82,25.3203125,740457.2453773262
b16384,Batch 16384,3,83,27.609375,740232.6515080185
b16384,Batch 16384,3,84,28.7890625,730168.4441512462
b16384,Batch 16384,3,85,27.6171875,741372.5855850611
b16384,Batch 16384,3,86,25.8125,742295.852420048
b16384,Batch 16384,3,87,25.234375,740668.1127948044
b16384,Batch 16384,3,88,25.4921875,729492.5083669883
b16384,Batch 16384,3,89,24.546875,740596.6995539585
b16384,Batch 16384,3,90,24.7421875,742256.974442808
b16384,Batch 16384,3,91,26.5625,739902.7656353657
b16384,Batch 16384,3,92,28.0,726099.582336352
b16384,Batch 16384,3,93,26.3671875,740125.1346158612
b16384,Batch 16384,3,94,26.0625,740846.3128117899
b16384,Batch 16384,3,95,26.484375,738618.1694079888
b16384,Batch 16384,3,96,26.8125,727306.117966892
b16384,Batch 16384,3,97,26.46875,740863.1894443053
b16384,Batch 16384,3,98,25.2265625,742980.0338272563
b16384,Batch 16384,3,99,27.4765625,740076.5207040568
b16384,Batch 16384,3,100,27.3359375,728126.8554131642
b16384,Batch 16384,3,101,25.546875,741100.274359093
b16384,Batch 16384,3,102,24.7890625,749078.0855755414
b16384,Batch 16384,3,103,24.4921875,746481.7027924777
b16384,Batch 16384,3,104,25.2734375,735975.9093287482
b16384,Batch 16384,3,105,25.9453125,749370.8907245405
b16384,Batch 16384,3,106,27.0078125,749454.8891384243
b16384,Batch 16384,3,107,27.171875,740423.8689131188
b16384,Batch 16384,3,108,27.1875,727579.0035744497
b16384,Batch 16384,3,109,30.2109375,740764.7120029153
b16384,Batch 16384,3,110,29.3359375,647181.304405829
b16384,Batch 16384,3,111,28.734375,738709.6685824569
b16384,Batch 16384,3,112,29.6640625,725978.5027486847
b16384,Batch 16384,3,113,28.953125,741186.210000447
b16384,Batch 16384,3,114,27.953125,738861.191476825
b16384,Batch 16384,3,115,29.2578125,738364.0970388651
b16384,Batch 16384,3,116,29.640625,727661.6315458544
b16384,Batch 16384,3,117,31.6875,739990.0254141452
b16384,Batch 16384,3,118,32.0234375,740474.8902050664
b16384,Batch 16384,3,119,32.1328125,739061.2587505003
b16384,Batch 16384,3,120,33.4765625,727861.9657314003
b16384,Batch 16384,3,121,33.625,740179.3356167767
b16384,Batch 16384,3,122,32.2890625,741021.4702469634
b16384,Batch 16384,3,123,29.90625,738612.8186306399
b16384,Batch 16384,3,124,29.6328125,728432.2918592625
b16384,Batch 16384,4,0,3.4140625,201625.1871866975
b16384,Batch 16384,4,1,4.09375,380561.93319092464
b16384,Batch 16384,4,2,4.234375,775877.9551393366
b16384,Batch 16384,4,3,4.1875,759977.601900507
b16384,Batch 16384,4,4,3.8515625,740946.3897807706
b16384,Batch 16384,4,5,3.6328125,750719.2939828926
b16384,Batch 16384,4,6,3.4296875,744341.282773545
b16384,Batch 16384,4,7,3.40625,739607.6356567319
b16384,Batch 16384,4,8,2.59375,726899.0011948758
b16384,Batch 16384,4,9,3.0859375,740620.7325851009
b16384,Batch 16384,4,10,2.703125,741139.03525277
b16384,Batch 16384,4,11,2.0703125,738509.7915919063
b16384,Batch 16384,4,12,1.5,729383.4629285777
b16384,Batch 16384,4,13,1.484375,739634.267400295
b16384,Batch 16384,4,14,2.6875,741242.2815388952
b16384,Batch 16384,4,15,2.34375,740377.3734577614
b16384,Batch 16384,4,16,4.0703125,728289.6854053928
b16384,Batch 16384,4,17,2.8671875,740366.4095658654
b16384,Batch 16384,4,18,3.5859375,741937.9745171192
b16384,Batch 16384,4,19,3.6484375,740132.1175615765
b16384,Batch 16384,4,20,3.5234375,728797.0733144736
b16384,Batch 16384,4,21,3.6171875,741326.562700542
b16384,Batch 16384,4,22,3.875,740562.8675847129
b16384,Batch 16384,4,23,6.296875,735831.3821410693
b16384,Batch 16384,4,24,5.5703125,727757.2491718733
b16384,Batch 16384,4,25,6.640625,740762.4122993066
b16384,Batch 16384,4,26,10.0546875,741608.0478813084
b16384,Batch 16384,4,27,10.1796875,739158.3257297524
b16384,Batch 16384,4,28,10.7265625,727504.238546391
b16384,Batch 16384,4,29,7.1328125,741823.3911239961
b16384,Batch 16384,4,30,9.6640625,743271.3701569524
b16384,Batch 16384,4,31,10.6640625,745428.1755012926
b16384,Batch 16384,4,32,7.75,734459.7807958595
b16384,Batch 16384,4,33,10.1640625,749665.266084487
b16384,Batch 16384,4,34,13.78125,747556.0253803512
b16384,Batch 16384,4,35,14.8046875,745043.437853919
b16384,Batch 16384,4,36,17.359375,727208.6988029325
b16384,Batch 16384,4,37,19.1015625,739827.9793832746
b16384,Batch 16384,4,38,19.3984375,740553.9571781005
b16384,Batch 16384,4,39,20.828125,740405.6042817276
b16384,Batch 16384,4,40,21.390625,728203.4692706101
b16384,Batch 16384,4,41,20.75,741666.8287654173
b16384,Batch 16384,4,42,20.671875,740737.244254194
b16384,Batch 16384,4,43,22.8125,735784.1775249596
b16384,Batch 16384,4,44,22.5859375,728153.658206351
b16384,Batch 16384,4,45,24.359375,740145.8167939363
b16384,Batch 16384,4,46,23.5703125,739860.5135477465
b16384,Batch 16384,4,47,23.125,739200.3624777038
b16384,Batch 16384,4,48,23.3515625,728600.2681358465
b16384,Batch 16384,4,49,25.0703125,742236.2783315646
b16384,Batch 16384,4,50,25.2109375,741773.1126312682
b16384,Batch 16384,4,51,25.390625,739290.1568026782
b16384,Batch 16384,4,52,27.2734375,728669.9852577869
b16384,Batch 16384,4,53,28.5703125,741542.1905837831
b16384,Batch 16384,4,54,26.1640625,741463.0804626821
b16384,Batch 16384,4,55,25.0859375,738192.5763482855
b16384,Batch 16384,4,56,25.359375,726298.1015282323
b16384,Batch 16384,4,57,26.6640625,743227.0082618227
b16384,Batch 16384,4,58,27.40625,740132.8708666766
b16384,Batch 16384,4,59,26.125,737623.769930947
b16384,Batch 16384,4,60,24.984375,728701.2440902921
b16384,Batch 16384,4,61,27.21875,740704.9083817203
b16384,Batch 16384,4,62,27.0859375,741854.415208995
b16384,Batch 16384,4,63,26.2890625,739543.5020621712
b16384,Batch 16384,4,64,28.078125,727792.8347762653
b16384,Batch 16384,4,65,28.28125,740605.3396122459
b16384,Batch 16384,4,66,26.0546875,741733.460768113
b16384,Batch 16384,4,67,27.3203125,740250.3255033761
b16384,Batch 16384,4,68,28.4921875,726379.2794293334
b16384,Batch 16384,4,69,29.203125,740629.1337385561
b16384,Batch 16384,4,70,31.0234375,742176.7819371459
b16384,Batch 16384,4,71,30.8515625,739039.5482678852
b16384,Batch 16384,4,72,28.234375,729317.8663208225
b16384,Batch 16384,4,73,28.015625,741183.3600803659
b16384,Batch 16384,4,74,29.953125,742696.9886477166
b16384,Batch 16384,4,75,31.4453125,738410.950915499
b16384,Batch 16384,4,76,32.34375,728442.1754419168
b16384,Batch 16384,4,77,32.4609375,741884.3085766695
b16384,Batch 16384,4,78,31.9609375,742067.2531968999
b16384,Batch 16384,4,79,29.3984375,739716.2364262396
b16384,Batch 16384,4,80,28.8828125,728457.1634801609
b16384,Batch 16384,4,81,27.84375,742262.7589777672
b16384,Batch 16384,4,82,29.1328125,747292.8017712453
b16384,Batch 16384,4,83,27.6171875,747730.7782449794
b16384,Batch 16384,4,84,25.6875,735500.5023077494
b16384,Batch 16384,4,85,28.703125,746329.0203289432
b16384,Batch 16384,4,86,29.953125,747491.3475178184
b16384,Batch 16384,4,87,29.234375,737715.7633592921
b16384,Batch 16384,4,88,30.6328125,728922.1799640254
b16384,Batch 16384,4,89,31.1015625,740372.8506634448
b16384,Batch 16384,4,90,32.1015625,742390.0856722197
b16384,Batch 16384,4,91,30.390625,735589.1637300143
b16384,Batch 16384,4,92,29.765625,728742.5325763621
b16384,Batch 16384,4,93,30.078125,740382.7538203212
b16384,Batch 16384,4,94,30.2734375,741508.6482314725
b16384,Batch 16384,4,95,28.9375,739116.4964776669
b16384,Batch 16384,4,96,29.5390625,729367.8058335094
b16384,Batch 16384,4,97,30.4140625,741433.329024097
b16384,Batch 16384,4,98,30.9765625,739452.3452422976
b16384,Batch 16384,4,99,32.578125,740730.213955817
b16384,Batch 16384,4,100,35.3515625,729382.0655684231
b16384,Batch 16384,4,101,34.5078125,741047.3168838808
b16384,Batch 16384,4,102,32.265625,739679.1966445821
b16384,Batch 16384,4,103,31.9296875,739186.4318586658
b16384,Batch 16384,4,104,30.7109375,633892.5699342898
b16384,Batch 16384,4,105,30.6953125,737666.824037503
b16384,Batch 16384,4,106,30.6796875,740365.380595953
b16384,Batch 16384,4,107,30.53125,739180.9655063394
b16384,Batch 16384,4,108,33.3984375,728237.2810965065
b16384,Batch 16384,4,109,35.921875,740272.9285557932
b16384,Batch 16384,4,110,35.15625,742760.257412704
b16384,Batch 16384,4,111,34.484375,739544.1865196297
b16384,Batch 16384,4,112,34.7578125,727344.9659174053
b16384,Batch 16384,4,113,35.7421875,741796.0489959805
b16384,Batch 16384,4,114,33.09375,737652.297910942
b16384,Batch 16384,4,115,34.640625,739138.453959041
b16384,Batch 16384,4,116,36.6484375,726808.6593099927
b16384,Batch 16384,4,117,38.71875,741325.0472296261
b16384,Batch 16384,4,118,35.0,741677.8672281818
b16384,Batch 16384,4,119,35.2109375,738747.3181343874
b16384,Batch 16384,4,120,32.9765625,727076.0521416531
b16384,Batch 16384,4,121,33.671875,742508.9117252936
b16384,Batch 16384,4,122,34.546875,740878.7289261818
b16384,Batch 16384,4,123,32.0,738176.0550836495
b16384,Batch 16384,4,124,32.078125,727060.3593347559
b8192,Batch 8192,0,0,3.5859375,196229.96851695766
b8192,Batch 8192,0,1,4.21875,403793.2856668339
b8192,Batch 8192,0,2,4.0625,892456.4831749438
b8192,Batch 8192,0,3,3.8359375,885929.8803592349
b8192,Batch 8192,0,4,3.71875,861343.0900985082
b8192,Batch 8192,0,5,3.9140625,876360.581664025
b8192,Batch 8192,0,6,3.609375,868986.7745199756
b8192,Batch 8192,0,7,3.1640625,865118.6996522371
b8192,Batch 8192,0,8,3.2109375,852731.9180105171
b8192,Batch 8192,0,9,3.1484375,869010.845943671
b8192,Batch 8192,0,10,2.375,867862.6466066956
b8192,Batch 8192,0,11,2.171875,866954.88471579
b8192,Batch 8192,0,12,1.6484375,851139.2525696935
b8192,Batch 8192,0,13,1.375,869888.1173967005
b8192,Batch 8192,0,14,1.3984375,869355.5800320205
b8192,Batch 8192,0,15,3.6015625,867608.7106684028
b8192,Batch 8192,0,16,5.921875,851056.5431126552
b8192,Batch 8192,0,17,4.1171875,869593.8572343411
b8192,Batch 8192,0,18,3.3828125,869275.2358233784
b8192,Batch 8192,0,19,4.2890625,868532.0911780607
b8192,Batch 8192,0,20,6.1953125,853113.4811702194
b8192,Batch 8192,0,21,5.359375,868400.9004294081
b8192,Batch 8192,0,22,4.90625,870108.80002036
b8192,Batch 8192,0,23,6.3125,863083.6449590978
b8192,Batch 8192,0,24,5.6171875,849995.7757906322
b8192,Batch 8192,0,25,7.2265625,871562.3248538923
b8192,Batch 8192,0,26,11.0234375,870133.0713679349
b8192,Batch 8192,0,27,12.6484375,864201.0211269269
b8192,Batch 8192,0,28,8.5390625,851565.7092349125
b8192,Batch 8192,0,29,8.1171875,870090.4844777182
b8192,Batch 8192,0,30,10.578125,870847.3517095309
b8192,Batch 8192,0,31,12.1328125,867069.2828898226
b8192,Batch 8192,0,32,12.9296875,850362.192594186
b8192,Batch 8192,0,33,13.6484375,872181.9071567728
b8192,Batch 8192,0,34,13.9453125,869829.0941921707
b8192,Batch 8192,0,35,14.65625,867464.9648183915
b8192,Batch 8192,0,36,15.4375,853119.2108974544
b8192,Batch 8192,0,37,16.75,868460.4762896195
b8192,Batch 8192,0,38,18.7890625,870323.0141455733
b8192,Batch 8192,0,39,20.265625,868232.7142167013
b8192,Batch 8192,0,40,22.171875,852730.0133537272
b8192,Batch 8192,0,41,22.484375,869993.4993190685
b8192,Batch 8192,0,42,22.015625,870949.8864584861
b8192,Batch 8192,0,43,22.8828125,867093.2481980581
b8192,Batch 8192,0,44,24.5234375,850452.6344737572
b8192,Batch 8192,0,45,24.1796875,870025.4801663762
b8192,Batch 8192,0,46,24.8359375,870602.2270927079
b8192,Batch 8192,0,47,26.2890625,865392.3814075202
b8192,Batch 8192,0,48,27.3125,851598.4760930744
b8192,Batch 8192,0,49,28.796875,872946.9376713301
b8192,Batch 8192,0,50,28.6796875,879717.1541363497
b8192,Batch 8192,0,51,28.796875,877204.3307570579
b8192,Batch 8192,0,52,29.09375,862357.5483344608
b8192,Batch 8192,0,53,28.734375,878909.6507636398
b8192,Batch 8192,0,54,27.4609375,881449.944584762
b8192,Batch 8192,0,55,27.203125,872247.3282224353
b8192,Batch 8192,0,56,28.1484375,852516.7350452034
b8192,Batch 8192,0,57,29.46875,869171.4954378299
b8192,Batch 8192,0,58,30.9609375,869970.320594733
b8192,Batch 8192,0,59,29.640625,869424.8786672096
b8192,Batch 8192,0,60,28.578125,850277.0091815459
b8192,Batch 8192,0,61,29.046875,868210.9016319476
b8192,Batch 8192,0,62,29.7421875,870839.6267108392
b8192,Batch 8192,0,63,29.7734375,865788.1701706755
b8192,Batch 8192,0,64,31.6796875,851713.9400029765
b8192,Batch 8192,0,65,32.7578125,870917.081541988
b8192,Batch 8192,0,66,29.515625,869946.7631568867
b8192,Batch 8192,0,67,28.3515625,866341.2021548965
b8192,Batch 8192,0,68,30.5,853750.0571769662
b8192,Batch 8192,0,69,30.0078125,869966.1079157499
b8192,Batch 8192,0,70,32.1328125,866120.7888242545
b8192,Batch 8192,0,71,31.0,865999.7926348211
b8192,Batch 8192,0,72,29.7421875,851881.8642093935
b8192,Batch 8192,0,73,31.6640625,870605.9220238883
b8192,Batch 8192,0,74,29.4765625,872194.3607026843
b8192,Batch 8192,0,75,29.921875,867398.7920294331
b8192,Batch 8192,0,76,30.3359375,852976.9489726797
b8192,Batch 8192,0,77,31.59375,870335.2272746342
b8192,Batch 8192,0,78,31.6484375,871493.8731878239
b8192,Batch 8192,0,79,31.9375,869301.3576087165
b8192,Batch 8192,0,80,32.984375,853166.2907756876
b8192,Batch 8192,0,81,32.0625,870512.5656918492
b8192,Batch 8192,0,82,31.7734375,869343.8177940664
b8192,Batch 8192,0,83,32.7109375,866742.8389920024
b8192,Batch 8192,0,84,33.65625,853728.3722615999
b8192,Batch 8192,0,85,34.9296875,870695.4151145171
b8192,Batch 8192,0,86,36.5234375,869594.8971195727
b8192,Batch 8192,0,87,35.25,868209.3933846034
b8192,Batch 8192,0,88,35.8046875,853058.5813641975
b8192,Batch 8192,0,89,35.6796875,870237.8073477263
b8192,Batch 8192,0,90,33.21875,871990.9143235058
b8192,Batch 8192,0,91,34.3515625,866286.6561725257
b8192,Batch 8192,0,92,34.3515625,853236.2688071306
b8192,Batch 8192,0,93,32.625,871281.8275021912
b8192,Batch 8192,0,94,34.3828125,865963.938502029
b8192,Batch 8192,0,95,37.40625,868091.8210651057
b8192,Batch 8192,0,96,38.71875,851679.1692951607
b8192,Batch 8192,0,97,38.7421875,869215.5921085223
b8192,Batch 8192,0,98,37.109375,870739.8155008402
b8192,Batch 8192,0,99,34.59375,868256.9358615538
b8192,Batch 8192,0,100,34.25,853492.1952406829
b8192,Batch 8192,0,101,35.15625,870960.3178801233
b8192,Batch 8192,0,102,34.578125,870656.849091296
b8192,Batch 8192,0,103,33.71875,868352.4040216723
b8192,Batch 8192,0,104,35.2890625,851663.9382126493
b8192,Batch 8192,0,105,34.4453125,869853.8289002085
b8192,Batch 8192,0,106,33.8046875,872757.898569926
b8192,Batch 8192,0,107,36.5703125,867848.2888609056
b8192,Batch 8192,0,108,37.171875,853590.7790675664
b8192,Batch 8192,0,109,37.8125,876978.7868101872
b8192,Batch 8192,0,110,38.296875,882367.1159353767
b8192,Batch 8192,0,111,38.34375,876541.2451766267
b8192,Batch 8192,0,112,36.1015625,862552.1986248916
b8192,Batch 8192,0,113,38.296875,882163.7661952964
b8192,Batch 8192,0,114,37.4453125,877983.2603653248
b8192,Batch 8192,0,115,37.875,872591.0731615474
b8192,Batch 8192,0,116,40.46875,852992.1370581122
b8192,Batch 8192,0,117,40.7421875,864955.3803982399
b8192,Batch 8192,0,118,39.0078125,868968.8852775431
b8192,Batch 8192,0,119,39.2734375,866937.8774293787
b8192,Batch 8192,0,120,41.578125,854309.2070656037
b8192,Batch 8192,0,121,41.8359375,868147.7297511338
b8192,Batch 8192,0,122,39.359375,871633.7336213628
b8192,Batch 8192,0,123,37.6640625,869377.1697084219
b8192,Batch 8192,0,124,38.1953125,861788.0006945522
b8192,Batch 8192,1,0,3.03125,199983.24876102383
b8192,Batch 8192,1,1,4.4140625,401125.7695386081
b8192,Batch 8192,1,2,4.390625,893715.5017889857
b8192,Batch 8192,1,3,4.109375,882339.1890846929
b8192,Batch 8192,1,4,4.75,858734.7975447945
b8192,Batch 8192,1,5,3.40625,872529.3007207195
b8192,Batch 8192,1,6,3.3203125,871256.0725913976
b8192,Batch 8192,1,7,3.4296875,867500.3738977804
b8192,Batch 8192,1,8,2.96875,851002.8561877008
b8192,Batch 8192,1,9,2.28125,868900.796415853
b8192,Batch 8192,1,10,2.0859375,868639.8787818482
b8192,Batch 8192,1,11,2.1640625,865578.1938334038
b8192,Batch 8192,1,12,1.578125,854564.1782895597
b8192,Batch 8192,1,13,1.7109375,871096.8821630819
b8192,Batch 8192,1,14,2.2578125,869368.6623900327
b8192,Batch 8192,1,15,2.5546875,865700.7135458931
b8192,Batch 8192,1,16,4.09375,852786.4106706134
b8192,Batch 8192,1,17,3.46875,870655.0510448533
b8192,Batch 8192,1,18,3.4765625,872320.9476503863
b8192,Batch 8192,1,19,5.203125,865735.6515396036
b8192,Batch 8192,1,20,6.8984375,852365.9992459009
b8192,Batch 8192,1,21,7.7734375,869220.3637442972
b8192,Batch 8192,1,22,6.703125,870082.7784091898
b8192,Batch 8192,1,23,6.8984375,864953.2302243417
b8192,Batch 8192,1,24,5.75,848001.6407327807
b8192,Batch 8192,1,25,6.703125,868737.0346030949
b8192,Batch 8192,1,26,5.5703125,867612.9936564723
b8192,Batch 8192,1,27,4.703125,865738.8417419614
b8192,Batch 8192,1,28,5.390625,854600.2849514234
b8192,Batch 8192,1,29,7.7890625,875725.9494427148
b8192,Batch 8192,1,30,10.3046875,882021.2252477058
b8192,Batch 8192,1,31,11.796875,877962.3067418986
b8192,Batch 8192,1,32,13.375,862978.396787541
b8192,Batch 8192,1,33,13.3671875,880594.6608762428
b8192,Batch 8192,1,34,16.390625,880443.4329204393
b8192,Batch 8192,1,35,18.15625,868124.0351260667
b8192,Batch 8192,1,36,19.7890625,853675.4877490671
b8192,Batch 8192,1,37,20.5859375,871541.0575947176
b8192,Batch 8192,1,38,22.2890625,871916.2664215504
b8192,Batch 8192,1,39,21.859375,868229.9827844804
b8192,Batch 8192,1,40,22.2265625,852235.2919262015
b8192,Batch 8192,1,41,22.140625,873123.3840924234
b8192,Batch 8192,1,42,24.2265625,869389.8732539595
b8192,Batch 8192,1,43,23.890625,867233.0676770329
b8192,Batch 8192,1,44,20.6875,852659.3460200671
b8192,Batch 8192,1,45,19.453125,870536.291632081
b8192,Batch 8192,1,46,21.2578125,870663.9586176047
b8192,Batch 8192,1,47,22.03125,865240.8006147185
b8192,Batch 8192,1,48,22.8203125,850272.3064937264
b8192,Batch 8192,1,49,23.8359375,869245.1078248455
b8192,Batch 8192,1,50,25.3359375,872658.8384644632
b8192,Batch 8192,1,51,26.046875,866401.6263057272
b8192,Batch 8192,1,52,25.2578125,852587.1037166648
b8192,Batch 8192,1,53,25.609375,869069.3789678664
b8192,Batch 8192,1,54,23.8984375,871241.7901254337
b8192,Batch 8192,1,55,24.40625,866975.266995595
b8192,Batch 8192,1,56,24.7265625,852063.0129698319
b8192,Batch 8192,1,57,27.28125,871259.6239500977
b8192,Batch 8192,1,58,26.328125,870922.4844697826
b8192,Batch 8192,1,59,26.34375,866750.4477493229
b8192,Batch 8192,1,60,25.546875,851777.3716627476
b8192,Batch 8192,1,61,25.3359375,871755.4080786704
b8192,Batch 8192,1,62,25.359375,870437.5477393727
b8192,Batch 8192,1,63,25.125,865570.7528267629
b8192,Batch 8192,1,64,28.1796875,853330.6927232863
b8192,Batch 8192,1,65,27.1796875,871033.0467346187
b8192,Batch 8192,1,66,27.015625,872233.9708779269
b8192,Batch 8192,1,67,27.828125,867162.9416558879
b8192,Batch 8192,1,68,25.4609375,852778.4577685709
b8192,Batch 8192,1,69,24.5859375,869328.9381117398
b8192,Batch 8192,1,70,26.53125,867911.329477064
b8192,Batch 8192,1,71,28.5859375,865397.3890615884
b8192,Batch 8192,1,72,27.40625,853964.8551269032
b8192,Batch 8192,1,73,28.3359375,869453.4185518885
b8192,Batch 8192,1,74,28.0859375,871665.459251137
b8192,Batch 8192,1,75,28.1953125,866998.756751913
b8192,Batch 8192,1,76,29.609375,851735.1162694526
b8192,Batch 8192,1,77,28.4609375,872240.9124389748
b8192,Batch 8192,1,78,29.59375,870662.5355999416
b8192,Batch 8192,1,79,30.6875,867334.1400115525
b8192,Batch 8192,1,80,31.9921875,854189.301039677
b8192,Batch 8192,1,81,32.40625,871483.9484230262
b8192,Batch 8192,1,82,32.21875,870627.5242119152
b8192,Batch 8192,1,83,32.296875,866734.8094928365
b8192,Batch 8192,1,84,31.5546875,851714.8056123699
b8192,Batch 8192,1,85,31.875,870468.1388596498
b8192,Batch 8192,1,86,32.09375,869131.6902441407
b8192,Batch 8192,1,87,33.8125,869345.8963711687
b8192,Batch 8192,1,88,31.5546875,853932.2720058187
b8192,Batch 8192,1,89,31.53125,877340.0208464317
b8192,Batch 8192,1,90,32.4296875,881489.2296191102
b8192,Batch 8192,1,91,34.7421875,879213.3382950241
b8192,Batch 8192,1,92,33.734375,863124.3887079385
b8192,Batch 8192,1,93,35.2265625,879566.2668024979
b8192,Batch 8192,1,94,34.4765625,876485.4016686282
b8192,Batch 8192,1,95,31.8203125,869266.3126601564
b8192,Batch 8192,1,96,33.890625,854552.0424602189
b8192,Batch 8192,1,97,35.859375,870201.5518514119
b8192,Batch 8192,1,98,40.203125,870659.3586470601
b8192,Batch 8192,1,99,38.3359375,869109.9258971277
b8192,Batch 8192,1,100,39.296875,853112.9357380898
b8192,Batch 8192,1,101,38.8046875,870409.6102058989
b8192,Batch 8192,1,102,38.125,870277.614733512
b8192,Batch 8192,1,103,39.9453125,867437.026154814
b8192,Batch 8192,1,104,40.0390625,852841.550637592
b8192,Batch 8192,1,105,39.96875,870847.164100796
b8192,Batch 8192,1,106,42.3125,870314.4442167886
b8192,Batch 8192,1,107,44.8671875,867671.4261622439
b8192,Batch 8192,1,108,45.4296875,852440.932225437
b8192,Batch 8192,1,109,43.625,872707.9168437384
b8192,Batch 8192,1,110,43.0859375,869995.0578283358
b8192,Batch 8192,1,111,43.5,863658.7331597125
b8192,Batch 8192,1,112,42.71875,853070.7224662175
b8192,Batch 8192,1,113,40.1953125,869895.8255233417
b8192,Batch 8192,1,114,39.625,871031.5341863816
b8192,Batch 8192,1,115,40.5,868445.6762178094
b8192,Batch 8192,1,116,41.59375,852922.6119251007
b8192,Batch 8192,1,117,42.5546875,868650.5843483015
b8192,Batch 8192,1,118,41.75,870772.800157825
b8192,Batch 8192,1,119,41.296875,868059.9822141088
b8192,Batch 8192,1,120,41.6796875,853034.7449332832
b8192,Batch 8192,1,121,40.671875,870091.387842796
b8192,Batch 8192,1,122,40.40625,871637.2051407377
b8192,Batch 8192,1,123,40.9453125,866967.8949200669
b8192,Batch 8192,1,124,43.4296875,861455.9201796345
b8192,Batch 8192,2,0,3.6640625,199805.02531753492
b8192,Batch 8192,2,1,3.8046875,403047.2997085709
b8192,Batch 8192,2,2,4.203125,892475.3989270084
b8192,Batch 8192,2,3,4.2734375,883056.7387742854
b8192,Batch 8192,2,4,4.4296875,861336.1373764891
b8192,Batch 8192,2,5,5.140625,875164.3188409375
b8192,Batch 8192,2,6,4.3203125,869516.4945479275
b8192,Batch 8192,2,7,4.6875,867747.00353042
b8192,Batch 8192,2,8,4.1953125,853273.534726998
b8192,Batch 8192,2,9,3.5078125,868781.0048234274
b8192,Batch 8192,2,10,2.5,871421.150238392
b8192,Batch 8192,2,11,2.0,876599.7403563743
b8192,Batch 8192,2,12,1.703125,858017.7000210935
b8192,Batch 8192,2,13,1.625,879449.318429267
b8192,Batch 8192,2,14,1.7109375,877845.3976017801
b8192,Batch 8192,2,15,3.71875,875692.4992059198
b8192,Batch 8192,2,16,5.375,853659.4534709322
b8192,Batch 8192,2,17,6.5,868396.0445093008
b8192,Batch 8192,2,18,3.2109375,868911.5468684841
b8192,Batch 8192,2,19,3.859375,865952.9225872201
b8192,Batch 8192,2,20,3.703125,850837.4536769368
b8192,Batch 8192,2,21,4.765625,866408.0110923764
b8192,Batch 8192,2,22,5.765625,869139.0057277607
b8192,Batch 8192,2,23,5.59375,863119.4994717843
b8192,Batch 8192,2,24,6.9921875,847629.4866863154
b8192,Batch 8192,2,25,7.59375,868859.6922583512
b8192,Batch 8192,2,26,8.0703125,868246.3826055874
b8192,Batch 8192,2,27,7.75,865938.1587546016
b8192,Batch 8192,2,28,7.1328125,849000.9357427971
b8192,Batch 8192,2,29,8.7578125,869618.815166346
b8192,Batch 8192,2,30,10.0078125,867028.4502815832
b8192,Batch 8192,2,31,12.25,866317.0490520529
b8192,Batch 8192,2,32,14.0859375,852274.5104828826
b8192,Batch 8192,2,33,16.65625,870740.2457913669
b8192,Batch 8192,2,34,17.40625,869359.5943328759
b8192,Batch 8192,2,35,17.5703125,866906.358293751
b8192,Batch 8192,2,36,17.03125,851843.4050988769
b8192,Batch 8192,2,37,15.46875,867064.2066375596
b8192,Batch 8192,2,38,15.4296875,866866.6236072538
b8192,Batch 8192,2,39,15.5,867908.5014135289
b8192,Batch 8192,2,40,17.890625,850674.6006294037
b8192,Batch 8192,2,41,17.5,868248.4998182817
b8192,Batch 8192,2,42,17.609375,868882.5811309483
b8192,Batch 8192,2,43,18.1796875,868727.2713688704
b8192,Batch 8192,2,44,17.9453125,850359.0252670604
b8192,Batch 8192,2,45,18.5625,869552.1263267414
b8192,Batch 8192,2,46,18.7109375,869965.0230886829
b8192,Batch 8192,2,47,18.3984375,865390.9319776581
b8192,Batch 8192,2,48,20.7890625,850161.1193901349
b8192,Batch 8192,2,49,20.90625,869568.1470004504
b8192,Batch 8192,2,50,21.9765625,868921.6987920309
b8192,Batch 8192,2,51,21.1875,864260.581882079
b8192,Batch 8192,2,52,21.28125,852963.4871378966
b8192,Batch 8192,2,53,21.515625,869498.2589404765
b8192,Batch 8192,2,54,21.1796875,867736.462666715
b8192,Batch 8192,2,55,22.8828125,863169.7875311236
b8192,Batch 8192,2,56,23.953125,850354.1427890728
b8192,Batch 8192,2,57,23.3046875,868656.0086026926
b8192,Batch 8192,2,58,20.84375,869129.002618056
b8192,Batch 8192,2,59,19.0,864764.8294093355
b8192,Batch 8192,2,60,19.265625,849661.5730394593
b8192,Batch 8192,2,61,19.3046875,866686.7339973375
b8192,Batch 8192,2,62,20.5390625,868936.2788634503
b8192,Batch 8192,2,63,20.59375,865645.9101474747
b8192,Batch 8192,2,64,21.1328125,852494.2032371828
b8192,Batch 8192,2,65,20.6484375,866665.0482069709
b8192,Batch 8192,2,66,18.796875,869807.0637048025
b8192,Batch 8192,2,67,19.171875,867322.574715638
b8192,Batch 8192,2,68,18.65625,852576.4255041842
b8192,Batch 8192,2,69,19.1875,869607.6125311285
b8192,Batch 8192,2,70,20.1796875,870948.7439846317
b8192,Batch 8192,2,71,18.8125,875434.9649769524
b8192,Batch 8192,2,72,20.296875,862616.8868244617
b8192,Batch 8192,2,73,22.109375,877600.5041541681
b8192,Batch 8192,2,74,20.4140625,878190.9156988256
b8192,Batch 8192,2,75,19.53125,874889.7298704556
b8192,Batch 8192,2,76,21.6875,854300.49292656
b8192,Batch 8192,2,77,22.765625,869124.5122859975
b8192,Batch 8192,2,78,23.03125,869806.9205818465
b8192,Batch 8192,2,79,22.71875,864638.8918768005
b8192,Batch 8192,2,80,22.6796875,852269.7011138587
b8192,Batch 8192,2,81,23.9296875,868431.7216992808
b8192,Batch 8192,2,82,23.28125,868108.5885281886
b8192,Batch 8192,2,83,23.5,866232.2480880822
b8192,Batch 8192,2,84,24.5390625,850812.3454702788
b8192,Batch 8192,2,85,22.8359375,868421.3068613117
b8192,Batch 8192,2,86,22.9453125,870023.1615172001
b8192,Batch 8192,2,87,23.1484375,866885.8808330892
b8192,Batch 8192,2,88,23.109375,853047.3459902342
b8192,Batch 8192,2,89,24.015625,869693.6865522254
b8192,Batch 8192,2,90,24.7421875,871366.4323015055
b8192,Batch 8192,2,91,24.6640625,862488.9219595832
b8192,Batch 8192,2,92,26.8203125,852450.512585361
b8192,Batch 8192,2,93,27.5078125,869000.4611668311
b8192,Batch 8192,2,94,27.8515625,870195.2102049653
b8192,Batch 8192,2,95,26.96875,865298.8214060566
b8192,Batch 8192,2,96,28.2421875,851923.3684632081
b8192,Batch 8192,2,97,30.6328125,869758.2670111764
b8192,Batch 8192,2,98,28.8671875,868131.1965680966
b8192,Batch 8192,2,99,28.2265625,864770.4392132285
b8192,Batch 8192,2,100,28.0078125,852444.3794383119
b8192,Batch 8192,2,101,28.0390625,870211.3041727045
b8192,Batch 8192,2,102,26.6015625,869499.9586978048
b8192,Batch 8192,2,103,23.984375,866304.9921173777
b8192,Batch 8192,2,104,26.1640625,850920.3945031709
b8192,Batch 8192,2,105,27.4765625,869313.2561597313
b8192,Batch 8192,2,106,27.6015625,869011.1316659072
b8192,Batch 8192,2,107,30.140625,867314.9559102284
b8192,Batch 8192,2,108,33.1328125,851686.6478188662
b8192,Batch 8192,2,109,33.9296875,869466.0363192343
b8192,Batch 8192,2,110,32.96875,869499.1500745578
b8192,Batch 8192,2,111,32.578125,864966.1368717129
b8192,Batch 8192,2,112,32.0703125,851819.4570283933
b8192,Batch 8192,2,113,33.484375,869539.748119799
b8192,Batch 8192,2,114,32.8515625,867783.9040493426
b8192,Batch 8192,2,115,31.4375,867663.6149872481
b8192,Batch 8192,2,116,32.6875,852474.0890127919
b8192,Batch 8192,2,117,35.2890625,867890.3277085752
b8192,Batch 8192,2,118,36.765625,868233.942818324
b8192,Batch 8192,2,119,38.484375,866935.5752081232
b8192,Batch 8192,2,120,39.1328125,852389.0212053477
b8192,Batch 8192,2,121,35.640625,867668.4681972432
b8192,Batch 8192,2,122,35.1875,869406.3609198966
b8192,Batch 8192,2,123,36.3984375,868044.0170636876
b8192,Batch 8192,2,124,35.890625,859607.363916579
b8192,Batch 8192,3,0,3.5625,199132.13727581513
b8192,Batch 8192,3,1,4.171875,391424.1133893661
b8192,Batch 8192,3,2,4.21875,888941.8317285237
b8192,Batch 8192,3,3,4.984375,882942.2694298421
b8192,Batch 8192,3,4,4.9921875,861321.9947634808
b8192,Batch 8192,3,5,4.46875,875630.6216093942
b8192,Batch 8192,3,6,4.03125,872367.9835617809
b8192,Batch 8192,3,7,3.890625,867310.1668589617
b8192,Batch 8192,3,8,3.5,849968.2729610282
b8192,Batch 8192,3,9,3.078125,869621.742425076
b8192,Batch 8192,3,10,3.09375,869399.3709091101
b8192,Batch 8192,3,11,2.0703125,867474.0371955805
b8192,Batch 8192,3,12,1.8671875,849126.1988206818
b8192,Batch 8192,3,13,1.453125,869754.1059221372
b8192,Batch 8192,3,14,0.96875,869839.405195944
b8192,Batch 8192,3,15,3.3984375,866207.9099854894
b8192,Batch 8192,3,16,5.46875,850972.3955059053
b8192,Batch 8192,3,17,5.3203125,870831.6590700536
b8192,Batch 8192,3,18,5.4375,866944.9700976141
b8192,Batch 8192,3,19,4.828125,865987.8863981334
b8192,Batch 8192,3,20,5.953125,853028.0209921963
b8192,Batch 8192,3,21,5.921875,868320.4034192726
b8192,Batch 8192,3,22,5.5546875,868722.2745228674
b8192,Batch 8192,3,23,5.3515625,844159.7262110704
b8192,Batch 8192,3,24,8.5078125,843948.178755603
b8192,Batch 8192,3,25,9.5625,866267.6548807
b8192,Batch 8192,3,26,12.2578125,865795.4294774898
b8192,Batch 8192,3,27,13.9609375,865779.1275680643
b8192,Batch 8192,3,28,14.0,850961.4889938339
b8192,Batch 8192,3,29,13.03125,867736.698244551
b8192,Batch 8192,3,30,12.5078125,869245.4871607498
b8192,Batch 8192,3,31,12.9375,864980.8185833229
b8192,Batch 8192,3,32,13.9609375,850229.2482833005
b8192,Batch 8192,3,33,14.6796875,868166.0568212694
b8192,Batch 8192,3,34,14.6171875,869251.4851101412
b8192,Batch 8192,3,35,14.1328125,867492.2865531883
b8192,Batch 8192,3,36,15.3828125,861620.9777568005
b8192,Batch 8192,3,37,16.5,879955.2865601908
b8192,Batch 8192,3,38,16.1875,878645.1094118714
b8192,Batch 8192,3,39,16.2890625,875478.7458717334
b8192,Batch 8192,3,40,16.6953125,863636.7264917694
b8192,Batch 8192,3,41,17.25,876635.9997702767
b8192,Batch 8192,3,42,18.015625,867965.5649975317
b8192,Batch 8192,3,43,19.0859375,866873.4362588546
b8192,Batch 8192,3,44,18.53125,853136.7712433015
b8192,Batch 8192,3,45,18.953125,865602.6383043773
b8192,Batch 8192,3,46,19.875,867669.498004992
b8192,Batch 8192,3,47,20.6796875,862184.4523560451
b8192,Batch 8192,3,48,20.0078125,848888.50792929
b8192,Batch 8192,3,49,20.515625,869499.7661683238
b8192,Batch 8192,3,50,21.8359375,868449.6876075362
b8192,Batch 8192,3,51,21.359375,866017.2760798215
b8192,Batch 8192,3,52,21.359375,853698.0767422275
b8192,Batch 8192,3,53,22.5859375,868816.6202850718
b8192,Batch 8192,3,54,24.1015625,868806.2401497221
b8192,Batch 8192,3,55,23.5234375,867233.5820639686
b8192,Batch 8192,3,56,23.1875,849622.4527745966
b8192,Batch 8192,3,57,23.453125,869324.8306173072
b8192,Batch 8192,3,58,23.1875,868787.5620229534
b8192,Batch 8192,3,59,23.4609375,867548.1180384201
b8192,Batch 8192,3,60,22.4375,850638.5564132914
b8192,Batch 8192,3,61,22.671875,868657.2823240713
b8192,Batch 8192,3,62,24.0078125,869244.9209058259
b8192,Batch 8192,3,63,24.1875,864509.2008029631
b8192,Batch 8192,3,64,24.2734375,852851.9126671503
b8192,Batch 8192,3,65,24.4921875,871062.0732217287
b8192,Batch 8192,3,66,24.171875,868038.9787332494
b8192,Batch 8192,3,67,24.375,866095.9821505232
b8192,Batch 8192,3,68,26.6484375,850413.3571403861
b8192,Batch 8192,3,69,28.078125,867954.7337951068
b8192,Batch 8192,3,70,27.5078125,867270.1598228145
b8192,Batch 8192,3,71,26.453125,864790.6318450463
b8192,Batch 8192,3,72,24.90625,851967.6388439031
b8192,Batch 8192,3,73,25.984375,870063.9902752643
b8192,Batch 8192,3,74,26.59375,871605.3931273392
b8192,Batch 8192,3,75,25.6328125,865946.2662515092
b8192,Batch 8192,3,76,26.671875,848491.5048431831
b8192,Batch 8192,3,77,25.6484375,870064.8385053924
b8192,Batch 8192,3,78,23.984375,867184.2310584044
b8192,Batch 8192,3,79,24.7109375,865998.1065346582
b8192,Batch 8192,3,80,25.9765625,851580.5780055485
b8192,Batch 8192,3,81,27.2109375,869288.3212615565
b8192,Batch 8192,3,82,26.3671875,870195.0669542452
b8192,Batch 8192,3,83,26.125,865448.7821665767
b8192,Batch 8192,3,84,26.75,849546.8486807452
b8192,Batch 8192,3,85,27.8359375,870325.5217772314
b8192,Batch 8192,3,86,27.3359375,865545.7923183637
b8192,Batch 8192,3,87,27.125,865721.2277557428
b8192,Batch 8192,3,88,27.8046875,851987.7397386008
b8192,Batch 8192,3,89,27.921875,869804.6030974608
b8192,Batch 8192,3,90,26.7421875,870252.2883506923
b8192,Batch 8192,3,91,27.0703125,867013.4200366813
b8192,Batch 8192,3,92,28.171875,850973.8866111632
b8192,Batch 8192,3,93,30.1796875,871573.0583605934
b8192,Batch 8192,3,94,28.8828125,867426.0657988831
b8192,Batch 8192,3,95,28.203125,866450.7517154235
b8192,Batch 8192,3,96,29.2421875,861079.2352863986
b8192,Batch 8192,3,97,27.9140625,878021.6648512506
b8192,Batch 8192,3,98,27.15625,879038.818685632
b8192,Batch 8192,3,99,27.3984375,877358.0659970053
b8192,Batch 8192,3,100,28.3671875,860595.2420943481
b8192,Batch 8192,3,101,27.8203125,878322.617204559
b8192,Batch 8192,3,102,26.4765625,870702.6686885232
b8192,Batch 8192,3,103,29.4765625,869516.3075121739
b8192,Batch 8192,3,104,29.765625,853940.0607426654
b8192,Batch 8192,3,105,29.2578125,868326.1088227874
b8192,Batch 8192,3,106,28.3046875,869349.3936820576
b8192,Batch 8192,3,107,27.4765625,864968.7062713578
b8192,Batch 8192,3,108,27.0859375,852105.8450491753
b8192,Batch 8192,3,109,29.4375,869598.4899696992
b8192,Batch 8192,3,110,29.3828125,868815.4834010097
b8192,Batch 8192,3,111,29.6328125,865947.1610316677
b8192,Batch 8192,3,112,31.8515625,851300.0636615509
b8192,Batch 8192,3,113,30.96875,867999.4252112543
b8192,Batch 8192,3,114,31.59375,869731.1270800126
b8192,Batch 8192,3,115,32.6796875,863662.6461766757
b8192,Batch 8192,3,116,32.296875,850630.2328764057
b8192,Batch 8192,3,117,28.9140625,868666.6706442937
b8192,Batch 8192,3,118,30.609375,869553.7767809608
b8192,Batch 8192,3,119,29.78125,866877.2855090279
b8192,Batch 8192,3,120,30.984375,852272.2432021516
b8192,Batch 8192,3,121,34.5546875,868324.506913461
b8192,Batch 8192,3,122,33.4140625,869775.6163194107
b8192,Batch 8192,3,123,33.9609375,864022.1382463927
b8192,Batch 8192,3,124,31.9375,859698.497938159
b8192,Batch 8192,4,0,3.578125,197836.0496335736
b8192,Batch 8192,4,1,4.3125,402571.67778129625
b8192,Batch 8192,4,2,3.921875,890783.1376734618
b8192,Batch 8192,4,3,4.0625,880110.2807070487
b8192,Batch 8192,4,4,3.9296875,861189.5841409528
b8192,Batch 8192,4,5,3.125,872177.2966675345
b8192,Batch 8192,4,6,2.75,869877.1445634923
b8192,Batch 8192,4,7,3.265625,861801.926248569
b8192,Batch 8192,4,8,3.1953125,848559.7645643621
b8192,Batch 8192,4,9,3.1484375,865272.0571167513
b8192,Batch 8192,4,10,2.671875,866247.8682145099
b8192,Batch 8192,4,11,2.3828125,862142.4506662294
b8192,Batch 8192,4,12,1.9375,849893.2379780159
b8192,Batch 8192,4,13,0.859375,865427.5778884139
b8192,Batch 8192,4,14,1.40625,867292.959550023
b8192,Batch 8192,4,15,2.6015625,863145.1496070094
b8192,Batch 8192,4,16,3.5390625,850815.1474874279
b8192,Batch 8192,4,17,5.21875,865968.1561602488
b8192,Batch 8192,4,18,3.2890625,867169.2391831739
b8192,Batch 8192,4,19,3.34375,865923.8209688616
b8192,Batch 8192,4,20,4.4765625,852501.7436721112
b8192,Batch 8192,4,21,5.7421875,866475.9938772514
b8192,Batch 8192,4,22,5.96875,868074.5388641016
b8192,Batch 8192,4,23,7.6328125,865477.8573134028
b8192,Batch 8192,4,24,6.328125,858181.9462607044
b8192,Batch 8192,4,25,5.96875,877854.7444772702
b8192,Batch 8192,4,26,4.421875,877259.5939796708
b8192,Batch 8192,4,27,5.15625,873233.6015452896
b8192,Batch 8192,4,28,7.4453125,861200.3442897662
b8192,Batch 8192,4,29,9.828125,869816.5154288898
b8192,Batch 8192,4,30,11.7421875,866323.3342991718
b8192,Batch 8192,4,31,11.3828125,864298.8170398413
b8192,Batch 8192,4,32,11.0859375,850262.6382676371
b8192,Batch 8192,4,33,12.1640625,865320.8202440023
b8192,Batch 8192,4,34,13.2421875,866333.6497286411
b8192,Batch 8192,4,35,15.9140625,867421.1824527689
b8192,Batch 8192,4,36,15.9609375,851582.9313078261
b8192,Batch 8192,4,37,16.640625,864739.8283070661
b8192,Batch 8192,4,38,16.8828125,864610.5747207885
b8192,Batch 8192,4,39,16.984375,865347.587550087
b8192,Batch 8192,4,40,17.9296875,848416.1856793208
b8192,Batch 8192,4,41,16.9609375,867512.6557798764
b8192,Batch 8192,4,42,17.9140625,867679.9441185618
b8192,Batch 8192,4,43,18.765625,866660.3045849883
b8192,Batch 8192,4,44,19.484375,850480.7107290728
b8192,Batch 8192,4,45,20.5546875,866762.8395962176
b8192,Batch 8192,4,46,19.125,867136.1987014827
b8192,Batch 8192,4,47,19.640625,862101.0641296047
b8192,Batch 8192,4,48,21.2265625,850079.6777757847
b8192,Batch 8192,4,49,21.5078125,868920.5176848357
b8192,Batch 8192,4,50,21.3046875,866318.1739462267
b8192,Batch 8192,4,51,21.7734375,863177.5613726808
b8192,Batch 8192,4,52,22.3984375,850049.5144747884
b8192,Batch 8192,4,53,23.2109375,866913.6855774357
b8192,Batch 8192,4,54,22.5078125,867276.7817996088
b8192,Batch 8192,4,55,21.953125,863648.0580219069
b8192,Batch 8192,4,56,21.96875,850574.2940900591
b8192,Batch 8192,4,57,23.703125,868923.0172410648
b8192,Batch 8192,4,58,24.6796875,866730.1197656849
b8192,Batch 8192,4,59,24.828125,864195.3208975199
b8192,Batch 8192,4,60,26.3515625,849729.301423653
b8192,Batch 8192,4,61,27.25,867410.2717671226
b8192,Batch 8192,4,62,27.078125,868510.450151623
b8192,Batch 8192,4,63,27.859375,866844.9233465537
b8192,Batch 8192,4,64,26.625,850275.3784897213
b8192,Batch 8192,4,65,27.21875,867589.6129996921
b8192,Batch 8192,4,66,25.859375,865826.3060710352
b8192,Batch 8192,4,67,25.9453125,865096.0576578828
b8192,Batch 8192,4,68,26.6953125,850416.4722519411
b8192,Batch 8192,4,69,27.984375,867078.3524626276
b8192,Batch 8192,4,70,26.640625,865818.1080961728
b8192,Batch 8192,4,71,26.640625,863032.0662998037
b8192,Batch 8192,4,72,26.8515625,849053.4681963888
b8192,Batch 8192,4,73,25.0234375,866514.8951413161
b8192,Batch 8192,4,74,25.3984375,868904.0978806678
b8192,Batch 8192,4,75,26.609375,865864.4453311334
b8192,Batch 8192,4,76,24.6875,850696.3571034111
b8192,Batch 8192,4,77,25.34375,868298.6796844398
b8192,Batch 8192,4,78,26.828125,869958.4481033363
b8192,Batch 8192,4,79,26.4375,865107.7487946152
b8192,Batch 8192,4,80,25.8828125,850268.4665299483
b8192,Batch 8192,4,81,26.8984375,868704.3522425767
b8192,Batch 8192,4,82,27.6640625,865296.625942012
b8192,Batch 8192,4,83,26.578125,869596.6412712861
b8192,Batch 8192,4,84,26.6640625,859088.3079184961
b8192,Batch 8192,4,85,27.203125,877015.5644711117
b8192,Batch 8192,4,86,28.4296875,877116.5678095884
b8192,Batch 8192,4,87,26.8125,876528.1864376384
b8192,Batch 8192,4,88,24.421875,860536.8320082068
b8192,Batch 8192,4,89,25.6328125,864998.2119122288
b8192,Batch 8192,4,90,27.3203125,868832.4710655375
b8192,Batch 8192,4,91,27.890625,865933.1939424815
b8192,Batch 8192,4,92,28.625,848525.9266959637
b8192,Batch 8192,4,93,30.21875,868030.2179889062
b8192,Batch 8192,4,94,31.8359375,865302.2371998102
b8192,Batch 8192,4,95,34.015625,863148.1798060876
b8192,Batch 8192,4,96,31.8359375,852309.5200969715
b8192,Batch 8192,4,97,30.1640625,866123.692580616
b8192,Batch 8192,4,98,31.2734375,867381.9589149012
b8192,Batch 8192,4,99,32.046875,865214.459314277
b8192,Batch 8192,4,100,30.6484375,851616.0635964753
b8192,Batch 8192,4,101,28.796875,869927.7991899685
b8192,Batch 8192,4,102,29.234375,868433.516061713
b8192,Batch 8192,4,103,30.1171875,865083.0055604288
b8192,Batch 8192,4,104,29.9140625,849497.9516151604
b8192,Batch 8192,4,105,31.0390625,866960.5229699104
b8192,Batch 8192,4,106,31.859375,866954.0370699601
b8192,Batch 8192,4,107,27.953125,865740.9467430589
b8192,Batch 8192,4,108,30.1796875,851111.6335287528
b8192,Batch 8192,4,109,31.9765625,868278.8933799794
b8192,Batch 8192,4,110,30.265625,867004.3955766946
b8192,Batch 8192,4,111,33.953125,865291.2925906508
b8192,Batch 8192,4,112,33.3046875,850642.0838310072
b8192,Batch 8192,4,113,33.421875,869462.4390631496
b8192,Batch 8192,4,114,33.375,866725.3754313496
b8192,Batch 8192,4,115,30.5546875,865931.6444962893
b8192,Batch 8192,4,116,30.6328125,849377.4553013874
b8192,Batch 8192,4,117,31.2578125,865921.6168764771
b8192,Batch 8192,4,118,31.1015625,866059.6015993415
b8192,Batch 8192,4,119,30.1640625,864692.0228250485
b8192,Batch 8192,4,120,29.6171875,850471.6640256403
b8192,Batch 8192,4,121,30.9296875,867496.2891402297
b8192,Batch 8192,4,122,29.7265625,867562.4658537494
b8192,Batch 8192,4,123,32.0390625,867044.334338172
b8192,Batch 8192,4,124,34.0703125,856633.0816987737
